id,name,team,ruolo_classic,role_mantra,best_role_mantra,curr_value_classic,base_value_classic,curr_value_mantra,base_value_mantra,value_classic_1000,value_mantra_1000,rating,first_team,gk,penalty_taker,free_kick_taker,injured,played_2223,goals_2223,assist_2223,penalties_goals_2223,penalties_failed_2223,average_2223,played_2122,goals_2122,assist_2122,penalties_goals_2122,penalties_failed_2122,average_2122,played_2021,goals_2021,assist_2021,penalties_goals_2021,penalties_failed_2021,average_2021,notes,isEdit,price,team_id
4312,Maignan,Milan,P,Por,Por,17,17,17,17,89,89,A,10,1,N,N,0,22,0,0,0,0,5.34,32,0,1,0,0,5.62,-1,-1,-1,-1,-1,-1,,false,77,0
572,Meret,Napoli,P,Por,Por,16,17,16,17,80,80,A-,10,1,N,N,0,34,0,0,0,0,5.56,7,0,0,0,0,5,22,0,0,0,0,4.89,,false,47,0
2428,Sommer,Inter,P,Por,Por,16,15,16,15,67,67,B,10,1,N,N,0,-1,-1,-1,-1,-1,-1,-1,-1,-1,-1,-1,-1,-1,-1,-1,-1,-1,-1,,false,0,0
453,Szczesny,Juventus,P,Por,Por,15,15,15,15,71,71,A-,10,1,N,N,0,28,0,0,0,0,5.18,33,0,0,0,0,5.48,30,0,1,0,0,5.38,,false,47,0
2814,Provedel,Lazio,P,Por,Por,15,16,15,16,60,60,B,10,1,N,N,0,38,0,0,0,0,5.46,31,0,0,0,0,4.48,29,0,0,0,0,4.24,,false,23,0
4270,Rui Patricio,Roma,P,Por,Por,12,14,12,14,47,47,C,10,1,N,N,0,35,0,0,0,0,5.07,38,0,0,0,0,5.09,-1,-1,-1,-1,-1,-1,,false,50,0
5876,Di Gregorio,Monza,P,Por,Por,12,12,12,12,37,37,C,10,1,N,N,0,37,0,1,0,0,4.99,-1,-1,-1,-1,-1,-1,-1,-1,-1,-1,-1,-1,,false,0,0
133,Skorupski,Bologna,P,Por,Por,10,10,10,10,32,32,C,10,1,N,N,0,37,0,0,0,0,4.97,36,0,0,0,0,4.79,28,0,0,0,0,4.64,,false,1,0
2170,Milinkovic-Savic V.,Torino,P,Por,Por,10,10,10,10,31,31,C,10,1,N,N,0,38,0,0,0,0,4.89,27,0,0,0,0,4.85,5,0,0,0,0,4.6,,false,0,0
2815,Terracciano,Fiorentina,P,Por,Por,10,10,10,10,14,14,C,7,1,N,N,0,29,0,0,0,0,4.78,32,0,0,0,0,4.72,4,0,0,0,0,6,,false,1,0
4431,Carnesecchi,Atalanta,P,Por,Por,10,11,10,11,10,16,B,6,2,N,N,0,27,0,1,0,0,4.63,-1,-1,-1,-1,-1,-1,0,0,0,0,0,0,,false,1,0
2134,Falcone,Lecce,P,Por,Por,9,8,9,8,22,22,D,10,1,N,N,0,38,0,0,0,0,5.09,10,0,0,0,0,4.95,-1,-1,-1,-1,-1,-1,,false,0,0
2211,Silvestri,Udinese,P,Por,Por,9,9,9,9,31,31,C,10,1,N,N,0,38,0,0,0,0,4.97,35,0,0,0,0,4.73,34,0,0,0,0,4.9,,false,1,0
6120,Ochoa,Salernitana,P,Por,Por,9,9,9,9,30,30,C,10,1,N,N,0,20,0,0,0,0,4.95,-1,-1,-1,-1,-1,-1,-1,-1,-1,-1,-1,-1,,false,0,0
3,Radunovic,Cagliari,P,Por,Por,8,8,8,8,13,13,F,10,1,N,N,0,-1,-1,-1,-1,-1,-1,3,0,0,0,0,5.67,0,0,0,0,0,0,,false,0,0
4957,Montipo',Verona,P,Por,Por,8,7,8,7,13,13,D,10,1,N,N,0,37,0,0,0,0,4.66,34,0,0,0,0,4.69,37,0,0,0,0,3.97,,false,1,0
5116,Martinez Jo.,Genoa,P,Por,Por,8,8,8,8,17,17,F,10,1,N,N,0,-1,-1,-1,-1,-1,-1,-1,-1,-1,-1,-1,-1,-1,-1,-1,-1,-1,-1,,false,0,0
4360,Caprile,Empoli,P,Por,Por,6,7,6,7,10,10,F,7,1,N,N,40,-1,-1,-1,-1,-1,-1,-1,-1,-1,-1,-1,-1,-1,-1,-1,-1,-1,-1,,false,0,0
509,Consigli,Sassuolo,P,Por,Por,5,5,5,5,15,15,D,7,1,N,N,0,35,0,0,0,0,4.47,37,0,0,0,0,4.62,37,0,0,0,0,4.93,,false,10,0
2792,Musso,Atalanta,P,Por,Por,5,3,5,3,28,28,C,6,1,N,N,0,23,0,0,0,0,4.85,33,0,0,0,0,4.79,35,0,0,0,0,4.6,,false,39,0
4867,Turati,Frosinone,P,Por,Por,5,5,5,5,8,8,F,10,1,N,N,0,-1,-1,-1,-1,-1,-1,0,0,0,0,0,0,0,0,0,0,0,0,,false,0,0
218,Perin,Juventus,P,Por,Por,3,1,3,1,5,5,A-,6,2,N,N,0,11,0,0,0,0,6.05,5,0,0,0,0,4.7,32,0,0,0,0,4.83,,false,6,0
316,Berisha,Empoli,P,Por,Por,3,1,3,1,5,5,D,7,2,N,N,0,0,0,0,0,0,0,10,0,0,0,0,5.55,-1,-1,-1,-1,-1,-1,,false,0,0
2178,Cragno,Sassuolo,P,Por,Por,3,4,3,4,8,8,F,6,2,N,N,0,1,0,0,0,0,2,35,0,0,0,0,4.57,34,0,0,0,0,4.79,,false,1,0
2294,Cerofolini,Frosinone,P,Por,Por,2,1,2,1,1,1,F,1,2,N,N,0,5,0,0,0,0,5.5,-1,-1,-1,-1,-1,-1,-1,-1,-1,-1,-1,-1,,false,0,0
6403,Christensen O.,Fiorentina,P,Por,Por,2,3,2,3,16,16,C,7,2,N,N,0,-1,-1,-1,-1,-1,-1,-1,-1,-1,-1,-1,-1,-1,-1,-1,-1,-1,-1,,false,0,0
4,Sportiello,Milan,P,Por,Por,1,1,1,1,1,1,A-,2,2,N,N,0,15,0,0,0,0,4.73,5,0,0,0,0,5.3,15,0,0,0,0,5.03,,false,3,0
41,Mirante,Milan,P,Por,Por,1,1,1,1,1,1,A-,1,3,N,N,0,0,0,0,0,0,0,0,0,0,0,0,0,13,0,0,0,0,4.85,,false,0,0
159,Sepe,Lazio,P,Por,Por,1,1,1,1,1,1,B,2,2,N,N,0,17,0,0,0,0,5.15,16,0,0,0,0,4.66,36,0,0,0,0,3.89,,false,0,0
188,Leali,Genoa,P,Por,Por,1,1,1,1,1,1,F,2,2,N,N,0,-1,-1,-1,-1,-1,-1,-1,-1,-1,-1,-1,-1,-1,-1,-1,-1,-1,-1,,false,0,0
217,Lamanna,Monza,P,Por,Por,1,1,1,1,1,1,F,2,2,N,N,0,0,0,0,0,0,0,-1,-1,-1,-1,-1,-1,-1,-1,-1,-1,-1,-1,,false,0,0
219,Sommariva,Genoa,P,Por,Por,1,1,1,1,1,1,F,1,3,N,N,0,-1,-1,-1,-1,-1,-1,-1,-1,-1,-1,-1,-1,-1,-1,-1,-1,-1,-1,,false,0,0
510,Pegolo,Sassuolo,P,Por,Por,1,1,1,1,1,1,F,1,3,N,N,0,2,0,0,0,0,4.75,1,0,0,0,0,3,1,0,0,0,0,6.5,,false,0,0
511,Perilli,Verona,P,Por,Por,1,1,1,1,1,1,F,2,2,N,N,0,1,0,0,0,0,6.5,-1,-1,-1,-1,-1,-1,-1,-1,-1,-1,-1,-1,,false,0,0
543,Padelli,Udinese,P,Por,Por,1,1,1,1,1,1,C,2,2,N,N,10,0,0,0,0,0,0,3,0,0,0,0,3.5,1,0,0,0,0,5,,false,1,0
574,Scuffet,Cagliari,P,Por,Por,1,1,1,1,1,1,D,2,2,N,N,0,-1,-1,-1,-1,-1,-1,0,0,0,0,0,0,1,0,0,0,0,3,,false,0,0
610,Gollini,Napoli,P,Por,Por,1,1,1,1,1,1,D,4,2,N,N,0,7,0,0,0,0,5.21,-1,-1,-1,-1,-1,-1,25,0,0,0,0,5.26,,false,4,0
673,Perisan,Empoli,P,Por,Por,1,2,1,2,1,1,D,1,3,N,N,0,7,0,0,0,0,4.93,-1,-1,-1,-1,-1,-1,0,0,0,0,0,0,,false,0,0
761,Audero,Inter,P,Por,Por,1,1,1,1,1,1,D,2,2,N,N,0,25,0,0,0,0,4.88,29,0,0,0,0,4.53,37,0,1,0,0,5.11,,false,1,0
1926,Di Gennaro,Inter,P,Por,Por,1,1,1,1,1,1,D,1,3,N,N,0,-1,-1,-1,-1,-1,-1,-1,-1,-1,-1,-1,-1,-1,-1,-1,-1,-1,-1,,false,0,0
1930,Pinsoglio,Juventus,P,Por,Por,1,1,1,1,1,1,D,1,3,N,N,0,0,0,0,0,0,0,1,0,0,0,0,5.5,1,0,0,0,0,5,,false,1,0
1946,Aresti,Cagliari,P,Por,Por,1,1,1,1,1,1,D,1,3,N,N,0,-1,-1,-1,-1,-1,-1,0,0,0,0,0,0,0,0,0,0,0,0,,false,0,0
1947,Fiorillo,Salernitana,P,Por,Por,1,1,1,1,1,1,D,1,3,N,N,0,1,0,0,0,0,4,1,0,0,0,0,1,-1,-1,-1,-1,-1,-1,,false,0,0
2297,Rossi F.,Atalanta,P,Por,Por,1,1,1,1,1,1,D,1,3,N,N,0,0,0,0,0,0,0,1,0,0,0,0,5,0,0,0,0,0,0,,false,0,0
2338,Costil,Salernitana,P,Por,Por,1,1,1,1,1,1,D,2,2,N,N,0,-1,-1,-1,-1,-1,-1,-1,-1,-1,-1,-1,-1,-1,-1,-1,-1,-1,-1,,false,0,0
2722,Ravaglia F.,Bologna,P,Por,Por,1,1,1,1,1,1,D,2,2,N,N,0,0,0,0,0,0,0,-1,-1,-1,-1,-1,-1,4,0,0,0,0,3.38,,false,0,0
2799,Frattali,Frosinone,P,Por,Por,1,1,1,1,1,1,D,1,3,N,N,0,-1,-1,-1,-1,-1,-1,-1,-1,-1,-1,-1,-1,-1,-1,-1,-1,-1,-1,,false,0,0
2845,Contini,Napoli,P,Por,Por,1,1,1,1,1,1,D,1,3,N,N,0,0,0,0,0,0,0,0,0,0,0,0,0,0,0,0,0,0,0,,false,0,0
4351,Brancolini,Lecce,P,Por,Por,1,1,1,1,1,1,D,2,2,N,N,0,0,0,0,0,0,0,-1,-1,-1,-1,-1,-1,0,0,0,0,0,0,,false,0,0
4491,Berardi A.,Verona,P,Por,Por,1,1,1,1,1,1,D,1,3,N,N,0,0,0,0,0,0,0,1,0,0,0,0,3.5,1,0,0,0,0,6,,false,0,0
4525,Gemello,Torino,P,Por,Por,1,1,1,1,1,1,D,2,2,N,N,0,0,0,0,0,0,0,1,0,0,0,0,6.5,-1,-1,-1,-1,-1,-1,,false,0,0
5304,Boer,Roma,P,Por,Por,1,1,1,1,1,1,D,1,3,N,N,0,0,0,0,0,0,0,0,0,0,0,0,0,0,0,0,0,0,0,,false,1,0
5822,Bagnolini,Bologna,P,Por,Por,1,1,1,1,1,1,D,2,3,N,N,0,0,0,0,0,0,0,-1,-1,-1,-1,-1,-1,-1,-1,-1,-1,-1,-1,,false,0,0
5841,Svilar,Roma,P,Por,Por,1,1,1,1,1,1,D,4,2,N,N,0,3,0,0,0,0,4.83,-1,-1,-1,-1,-1,-1,-1,-1,-1,-1,-1,-1,,false,1,0
5853,Sorrentino A.,Monza,P,Por,Por,1,1,1,1,1,1,D,1,3,N,N,0,0,0,0,0,0,0,-1,-1,-1,-1,-1,-1,-1,-1,-1,-1,-1,-1,,false,0,0
6184,Martinelli T.,Fiorentina,P,Por,Por,1,1,1,1,1,1,D,1,3,N,N,0,0,0,0,0,0,0,-1,-1,-1,-1,-1,-1,-1,-1,-1,-1,-1,-1,,false,0,0
6210,Popa,Torino,P,Por,Por,1,1,1,1,1,1,D,1,3,N,N,0,-1,-1,-1,-1,-1,-1,-1,-1,-1,-1,-1,-1,-1,-1,-1,-1,-1,-1,,false,0,0
6234,Stubljar,Empoli,P,Por,Por,1,1,1,1,1,1,D,3,4,N,N,0,-1,-1,-1,-1,-1,-1,-1,-1,-1,-1,-1,-1,-1,-1,-1,-1,-1,-1,,false,0,0
6255,Gori,Monza,P,Por,Por,1,1,1,1,1,1,D,1,4,N,N,0,-1,-1,-1,-1,-1,-1,-1,-1,-1,-1,-1,-1,-1,-1,-1,-1,-1,-1,,false,0,0
6406,Borbei,Lecce,P,Por,Por,1,1,1,1,1,1,D,1,3,N,N,0,-1,-1,-1,-1,-1,-1,-1,-1,-1,-1,-1,-1,-1,-1,-1,-1,-1,-1,,false,0,0
6462,Okoye,Udinese,P,Por,Por,1,1,1,1,1,1,D,1,3,N,N,0,-1,-1,-1,-1,-1,-1,-1,-1,-1,-1,-1,-1,-1,-1,-1,-1,-1,-1,,false,0,0
6482,Mandas,Lazio,P,Por,Por,1,1,1,1,1,1,F,1,3,N,N,0,-1,-1,-1,-1,-1,-1,-1,-1,-1,-1,-1,-1,-1,-1,-1,-1,-1,-1,,false,0,0
254,Dimarco,Inter,D,E,E,20,19,19,18,81,72,A,10,,N,Y,0,33,4,4,0,0,6.7,25,2,3,0,1,6.34,35,5,3,0,0,6.57,Gioca Punta,false,8,0
2816,Di Lorenzo,Napoli,D,Dd;E,Dd,20,18,20,18,96,96,A,10,,N,N,0,37,3,4,0,0,6.58,33,1,4,0,0,6.36,36,3,3,0,0,6.15,,false,20,0
4292,Hernandez T.,Milan,D,Ds;E,Ds,18,17,18,17,90,90,A,10,,Y,Y,0,32,4,3,1,0,6.41,32,5,5,1,1,6.69,33,7,5,0,0,6.86,,false,50,0
5877,Carlos Augusto,Inter,D,E,E,17,17,17,17,42,30,B,6,,N,N,0,35,6,5,0,0,6.76,-1,-1,-1,-1,-1,-1,-1,-1,-1,-1,-1,-1,,false,1,0
4237,Danilo,Juventus,D,Dd;Ds;Dc,Dc,16,15,19,18,44,58,A,9,,N,N,0,37,3,3,0,0,6.46,21,1,2,0,0,6.24,34,1,4,0,0,6.41,,false,18,0
554,Zappacosta,Atalanta,D,E,E,15,15,14,14,41,38,A-,10,,N,N,0,21,4,1,0,0,6.64,31,1,5,0,0,6.24,25,4,2,0,0,6.72,,false,4,0
6041,Schuurs,Torino,D,Dc,Dc,15,14,15,14,46,46,A-,9,,N,N,0,29,0,2,0,0,6.19,-1,-1,-1,-1,-1,-1,-1,-1,-1,-1,-1,-1,,false,12,0
6066,Posch,Bologna,D,Dd;Dc,Dc,15,16,17,18,46,50,A,9,,N,N,0,30,6,2,0,0,6.68,-1,-1,-1,-1,-1,-1,-1,-1,-1,-1,-1,-1,,false,0,0
2120,Bastoni,Inter,D,Dc,Dc,14,13,14,13,48,48,A-,9,,N,N,0,29,0,2,0,0,6.14,31,1,2,0,0,6.31,33,0,2,0,0,6.08,,false,25,0
4177,Pavard,Inter,D,Dd;Dc,Dc,14,14,15,15,48,50,A,10,,N,N,0,-1,-1,-1,-1,-1,-1,-1,-1,-1,-1,-1,-1,-1,-1,-1,-1,-1,-1,,false,0,0
4245,Smalling,Roma,D,Dc,Dc,14,15,14,15,46,50,A-,10,,N,N,0,32,3,1,0,0,6.52,25,3,0,0,0,6.46,14,0,1,0,0,5.89,,false,30,0
4409,Rrahmani,Napoli,D,Dc,Dc,14,14,14,14,44,44,A-,9,,N,N,0,28,2,1,0,0,6.36,33,4,0,0,0,6.56,14,1,0,0,0,6.29,,false,21,0
5513,Dumfries,Inter,D,E,E,14,12,13,11,47,39,A-,8,,N,N,0,34,1,4,0,0,6,32,5,4,0,0,6.77,-1,-1,-1,-1,-1,-1,,false,42,0
460,Romagnoli,Lazio,D,Dc,Dc,13,13,13,13,36,36,B,10,,N,N,0,34,2,0,0,0,6.29,17,1,0,0,0,6,22,1,1,0,0,6,,false,11,0
2788,Bremer,Juventus,D,Dc,Dc,13,13,13,13,48,48,A-,9,,N,N,0,30,4,0,0,0,6.35,33,3,1,0,0,6.59,33,5,0,0,0,6.5,,false,30,0
4751,Tomori,Milan,D,Dc,Dc,13,13,13,13,43,43,B,9,,N,N,0,33,1,0,0,0,6.09,31,0,0,0,0,6.23,17,1,0,0,0,6.44,,false,31,0
1852,Spinazzola,Roma,D,E,E,12,10,11,9,26,22,B,7,,N,N,0,26,1,4,0,0,6.25,2,0,0,0,0,6,25,2,4,0,0,6.52,,false,14,0
2525,Darmian,Inter,D,Dd;Dc,Dc,12,11,14,13,23,27,A-,6,,N,N,0,27,1,2,0,0,6.19,23,2,1,0,0,6.35,23,3,3,0,0,6.63,,false,0,0
252,Biraghi,Fiorentina,D,Ds;E,Ds,11,10,11,10,24,24,A-,7,,N,Y,0,32,2,4,0,1,6.19,37,4,1,1,1,6.11,35,1,5,0,0,6.03,,false,26,0
5067,Bakker,Atalanta,D,E,E,11,12,10,11,23,20,A-,9,,N,N,0,-1,-1,-1,-1,-1,-1,-1,-1,-1,-1,-1,-1,-1,-1,-1,-1,-1,-1,,false,0,0
5481,Mazzocchi,Salernitana,D,Dd;Ds;E,Dd;Ds,11,12,13,14,37,41,A-,9,,N,N,0,27,2,3,0,0,6.46,32,0,2,0,0,5.83,-1,-1,-1,-1,-1,-1,,false,5,0
5835,Baschirotto,Lecce,D,Dd;Dc,Dc,11,10,12,11,32,35,B,10,,N,N,0,37,3,0,0,0,6.23,-1,-1,-1,-1,-1,-1,-1,-1,-1,-1,-1,-1,,false,1,0
5851,Doig,Verona,D,Ds;E,Ds,11,11,11,11,20,20,B,8,,N,N,0,21,2,4,0,0,6.52,-1,-1,-1,-1,-1,-1,-1,-1,-1,-1,-1,-1,,false,0,0
6055,Thiaw,Milan,D,Dc,Dc,11,10,11,10,27,27,A-,9,,N,N,0,19,0,0,0,0,5.79,-1,-1,-1,-1,-1,-1,-1,-1,-1,-1,-1,-1,,false,0,0
142,Mario Rui,Napoli,D,Ds;E,Ds,10,10,10,10,20,20,B,7,,N,Y,0,22,0,5,0,0,6.25,34,0,5,0,0,6.07,24,0,1,0,0,5.9,,false,7,0
357,Calabria,Milan,D,Dd;E,Dd,10,9,10,9,22,22,A-,9,,N,N,0,23,1,3,0,0,6.09,26,2,2,0,0,6.42,32,2,1,0,0,6.28,,false,17,0
513,Acerbi,Inter,D,Dc,Dc,10,11,10,11,32,32,B,7,,N,N,15,31,0,1,0,0,5.97,29,4,0,0,0,6.31,32,0,1,0,0,5.94,,false,17,0
697,Cuadrado,Inter,D,E,E,10,9,9,8,34,28,B,6,,N,N,0,30,1,3,0,0,5.92,32,4,3,0,0,6.62,29,2,9,1,0,6.64,,false,10,0
2164,Milenkovic,Fiorentina,D,Dc,Dc,10,10,10,10,26,26,C,8,,N,N,0,27,2,1,0,0,6.06,34,1,0,0,0,5.81,34,3,0,0,0,5.97,,false,20,0
2296,Mancini,Roma,D,Dc,Dc,10,11,10,11,26,26,B,9,,N,N,0,35,1,2,0,0,6.16,33,0,0,0,0,5.64,33,4,2,0,0,6.41,,false,25,0
2724,Buongiorno,Torino,D,Dc,Dc,10,11,10,11,23,23,B,9,,N,N,0,34,1,2,0,0,6.15,18,0,1,0,0,5.81,12,0,0,0,0,5.5,,false,1,0
5480,Ebuehi,Empoli,D,Dd;E,Dd,10,11,10,11,17,17,D,9,,N,N,0,25,2,4,0,0,6.46,17,0,0,0,0,5.5,-1,-1,-1,-1,-1,-1,,false,0,0
5498,Casale,Lazio,D,Dc,Dc,10,10,10,10,22,22,C,9,,N,N,0,29,1,1,0,0,6.03,34,0,1,0,0,5.75,-1,-1,-1,-1,-1,-1,,false,1,0
5526,Scalvini,Atalanta,D,Dc,Dc,10,9,10,9,30,30,A-,7,,N,N,0,32,2,0,0,0,6.03,14,1,0,0,0,6.14,-1,-1,-1,-1,-1,-1,,false,1,0
5678,Holm,Atalanta,D,E,E,10,10,9,9,20,18,B,6,,N,N,0,18,1,1,0,0,6.17,0,0,0,0,0,0,-1,-1,-1,-1,-1,-1,,false,0,0
581,Faraoni,Verona,D,Dd;E,Dd,9,9,9,9,16,16,B,8,,N,N,0,21,2,2,0,0,6.17,32,4,5,0,0,6.48,34,4,5,0,0,6.46,,false,11,0
2640,Kolasinac,Atalanta,D,Ds;Dc,Dc,9,9,10,10,22,27,A-,8,,N,N,0,-1,-1,-1,-1,-1,-1,-1,-1,-1,-1,-1,-1,-1,-1,-1,-1,-1,-1,,false,0,0
5677,Perez N.,Udinese,D,Dc,Dc,9,9,9,9,12,12,B,9,,N,N,0,33,2,0,0,0,6,20,0,1,0,0,5.65,-1,-1,-1,-1,-1,-1,,false,1,0
5847,Bijol,Udinese,D,Dc,Dc,9,9,9,9,21,21,B,9,,N,N,0,32,3,1,0,0,6.03,-1,-1,-1,-1,-1,-1,-1,-1,-1,-1,-1,-1,,false,10,0
322,De Vrij,Inter,D,Dc,Dc,8,6,8,6,13,13,C,6,,N,N,0,25,1,0,0,0,5.98,28,0,0,0,0,5.68,32,1,0,0,0,6.28,,false,21,0
695,Toloi,Atalanta,D,Dc,Dc,8,9,8,9,12,12,B,8,,N,N,0,32,2,0,0,0,6.05,19,1,1,0,0,6.05,31,2,0,0,0,5.97,,false,12,0
787,Djimsiti,Atalanta,D,Dc,Dc,8,7,8,7,16,16,C,6,,N,N,0,22,0,1,0,0,5.89,29,1,1,0,0,5.84,33,0,2,0,0,6.03,,false,3,0
2169,Rodriguez R.,Torino,D,Ds;Dc,Dc,8,8,9,9,10,12,C,8,,N,N,0,34,0,0,0,0,5.96,32,0,1,0,0,5.84,16,0,0,0,0,5.38,,false,1,0
2593,Martin,Genoa,D,Ds;E,Ds,8,8,8,8,12,12,C,6,,N,N,0,-1,-1,-1,-1,-1,-1,-1,-1,-1,-1,-1,-1,-1,-1,-1,-1,-1,-1,,false,0,0
4317,N'dicka,Roma,D,Dc,Dc,8,9,8,9,20,20,B,8,,N,N,0,-1,-1,-1,-1,-1,-1,-1,-1,-1,-1,-1,-1,-1,-1,-1,-1,-1,-1,,false,1,0
4530,Kyriakopoulos,Monza,D,Ds;E,Ds,8,9,8,9,15,15,D,7,,N,N,0,21,1,3,0,0,6.21,25,0,5,0,0,5.92,21,1,0,0,0,5.86,,false,0,0
4904,Mari',Monza,D,Dc,Dc,8,9,8,9,18,18,C,9,,N,N,0,29,1,0,0,0,5.97,15,2,0,0,0,6.57,-1,-1,-1,-1,-1,-1,,false,4,0
5332,Bastoni S.,Empoli,D,Ds;E,Ds,8,8,8,8,32,32,B,7,,N,N,0,18,2,4,0,0,6.5,29,3,3,0,0,6.41,21,1,6,0,0,6.26,,false,0,0
6220,Kristensen,Roma,D,Dd;E,Dd,8,9,8,9,15,15,B,9,,N,N,0,-1,-1,-1,-1,-1,-1,-1,-1,-1,-1,-1,-1,-1,-1,-1,-1,-1,-1,,false,0,0
6396,Natan,Napoli,D,Dc,Dc,8,9,8,9,17,17,C,5,,N,N,0,-1,-1,-1,-1,-1,-1,-1,-1,-1,-1,-1,-1,-1,-1,-1,-1,-1,-1,,false,0,0
140,Hysaj,Lazio,D,Dd;Ds;E,Dd;Ds,7,7,8,8,15,18,C,9,,N,N,0,30,1,1,0,0,6.05,27,1,0,0,0,5.69,21,0,1,0,0,5.93,,false,1,0
226,Izzo,Monza,D,Dc,Dc,7,8,7,8,18,18,C,9,,N,N,0,29,1,0,0,0,5.97,9,0,0,0,0,5.61,25,2,0,0,0,6.14,,false,5,0
253,D'ambrosio,Monza,D,Dd;Ds;Dc,Dc,7,7,9,9,14,14,B,7,,N,N,20,13,0,2,0,0,5.96,15,1,1,0,0,6.47,8,3,0,0,0,7.12,,false,0,0
393,Luperto,Empoli,D,Dc,Dc,7,8,7,8,10,10,B,9,,N,N,0,36,2,0,0,0,6.01,22,0,1,0,0,5.61,22,0,0,0,0,5.3,,false,0,0
2188,Marusic,Lazio,D,Dd;Ds;E,Dd;Ds,7,7,8,8,15,20,C,9,,N,N,0,33,0,2,0,0,5.92,33,1,0,0,0,5.65,36,2,3,0,0,5.94,,false,7,0
4210,Mina,Fiorentina,D,Dc,Dc,7,8,7,8,12,12,C,5,,N,N,0,-1,-1,-1,-1,-1,-1,-1,-1,-1,-1,-1,-1,-1,-1,-1,-1,-1,-1,,false,0,0
4887,Bellanova,Torino,D,Dd;E,Dd,7,8,7,8,25,26,B,8,,N,N,0,11,0,0,0,0,6,31,1,1,0,0,5.9,0,0,0,0,0,0,,false,0,0
4958,Caldirola,Monza,D,Ds;Dc,Dc,7,7,8,8,10,12,C,6,,N,N,0,30,2,0,0,0,6.03,-1,-1,-1,-1,-1,-1,22,2,0,0,0,5.91,,false,0,0
4976,Kalulu,Milan,D,Dd;Dc,Dc,7,7,8,8,15,17,B,6,,N,N,0,32,1,0,0,0,5.78,24,1,2,0,0,6.46,10,1,0,0,0,5.9,,false,38,0
5449,Parisi,Fiorentina,D,Ds;E,Ds,7,8,7,8,20,20,C,6,,N,N,0,33,2,0,0,0,6.14,23,0,1,0,0,5.85,-1,-1,-1,-1,-1,-1,,false,13,0
5520,Cambiaso,Juventus,D,Dd;Ds;E,Dd;Ds,7,5,7,6,22,27,B,7,,N,N,0,31,0,3,0,0,6.03,25,1,4,0,0,6.12,-1,-1,-1,-1,-1,-1,,false,13,0
5532,Bradaric,Salernitana,D,Ds;E,Ds,7,7,7,7,11,11,C,9,,N,Y,0,30,0,3,0,0,5.77,-1,-1,-1,-1,-1,-1,-1,-1,-1,-1,-1,-1,,false,0,0
5555,Kamara H.,Udinese,D,Ds;E,Ds,7,6,7,6,10,10,C,7,,N,N,0,-1,-1,-1,-1,-1,-1,-1,-1,-1,-1,-1,-1,-1,-1,-1,-1,-1,-1,,false,0,0
5840,Olivera,Napoli,D,Ds;E,Ds,7,7,7,7,24,24,C,5,,N,N,0,24,2,1,0,0,6.27,-1,-1,-1,-1,-1,-1,-1,-1,-1,-1,-1,-1,,false,0,0
5885,Dodo',Fiorentina,D,Dd;E,Dd,7,8,7,8,22,22,B,8,,N,N,0,33,1,3,0,0,5.98,-1,-1,-1,-1,-1,-1,-1,-1,-1,-1,-1,-1,,false,5,0
6042,Lucumi',Bologna,D,Dc,Dc,7,7,7,7,16,16,C,9,,N,N,0,33,0,1,0,0,5.68,-1,-1,-1,-1,-1,-1,-1,-1,-1,-1,-1,-1,,false,7,0
6046,Hien,Verona,D,Dc,Dc,7,8,7,8,15,15,C,9,,N,N,0,32,0,0,0,0,5.8,-1,-1,-1,-1,-1,-1,-1,-1,-1,-1,-1,-1,,false,0,0
6148,Kristiansen,Bologna,D,Ds;E,Ds,7,6,7,6,22,22,A-,7,,N,N,0,-1,-1,-1,-1,-1,-1,-1,-1,-1,-1,-1,-1,-1,-1,-1,-1,-1,-1,,false,0,0
6426,Pedersen,Sassuolo,D,Dd;E,Dd,7,7,7,7,10,10,D,9,,N,N,0,-1,-1,-1,-1,-1,-1,-1,-1,-1,-1,-1,-1,-1,-1,-1,-1,-1,-1,,false,0,0
76,Romagnoli S.,Frosinone,D,Dc,Dc,6,5,6,5,6,6,D,7,,N,N,0,4,0,0,0,0,5.62,18,2,0,0,0,6.03,-1,-1,-1,-1,-1,-1,,false,0,0
256,Juan Jesus,Napoli,D,Ds;Dc,Dc,6,5,7,6,21,25,B,7,,N,N,0,12,1,0,0,0,6.25,15,1,0,0,0,6.07,4,0,0,0,0,5.75,,false,1,0
660,Gyomber,Salernitana,D,Dc,Dc,6,6,6,6,7,7,C,7,,N,N,0,23,0,1,0,0,5.93,30,0,0,0,0,5.57,-1,-1,-1,-1,-1,-1,,false,0,0
662,Alex Sandro,Juventus,D,Ds;Dc,Dc,6,6,7,7,12,16,D,6,,N,N,0,23,0,1,0,0,5.52,27,0,1,0,0,5.67,24,2,1,0,0,6.23,,false,0,0
2130,Hateboer,Atalanta,D,E,E,6,7,5,6,10,10,D,5,,N,N,30,17,1,1,0,0,5.91,21,0,0,0,0,5.74,22,2,1,0,0,6.41,,false,4,0
2181,Palomino,Atalanta,D,Dc,Dc,6,7,6,7,8,8,D,4,,N,N,0,14,1,0,0,0,5.75,33,1,0,0,0,6.09,31,1,1,0,0,6.05,,false,0,0
2252,Marchizza,Frosinone,D,Ds;Dc,Dc,6,5,7,6,5,7,D,7,,N,N,0,5,0,0,0,0,6,19,0,1,0,0,5.47,22,0,2,0,0,5.84,,false,0,0
2263,Lazzari,Lazio,D,Dd;E,Dd,6,5,6,5,16,16,C,6,,N,N,0,26,0,0,0,0,5.77,27,3,3,0,0,6.3,32,2,5,0,0,6.34,,false,23,0
4426,Toljan,Sassuolo,D,Dd;E,Dd,6,6,6,6,9,9,C,6,,N,N,0,31,0,1,0,0,5.68,19,0,1,0,0,5.84,24,0,2,0,0,5.83,,false,5,0
4461,Zappa,Cagliari,D,Dd;E,Dd,6,6,6,6,14,14,B,9,,N,N,0,-1,-1,-1,-1,-1,-1,21,0,0,0,0,5.64,31,0,4,0,0,5.94,,false,0,0
4502,Gallo,Lecce,D,Ds;E,Ds,6,5,6,5,9,9,D,8,,N,N,0,31,0,1,0,0,5.65,-1,-1,-1,-1,-1,-1,-1,-1,-1,-1,-1,-1,,false,0,0
4982,Erlic,Sassuolo,D,Dc,Dc,6,5,6,5,10,10,C,9,,N,N,0,27,0,0,0,0,5.59,30,2,0,0,0,6.07,22,3,1,0,0,6.14,,false,0,0
4994,Vojvoda,Torino,D,E,E,6,6,6,5,16,12,C,7,,N,N,0,27,0,5,0,0,5.98,29,0,3,0,0,6.07,19,2,2,0,0,6.03,,false,0,0
5239,Llorente D.,Roma,D,Dc,Dc,6,6,6,6,17,17,D,6,,N,N,0,8,0,0,0,0,6.06,-1,-1,-1,-1,-1,-1,-1,-1,-1,-1,-1,-1,,false,0,0
5365,Dragusin,Genoa,D,Dd;Dc,Dc,6,6,7,7,12,12,D,9,,N,N,0,-1,-1,-1,-1,-1,-1,18,0,0,0,0,5.67,0,0,0,0,0,0,,false,0,0
5514,Vasquez,Genoa,D,Ds;Dc,Dc,6,4,7,5,7,7,C,9,,N,N,0,23,1,0,0,0,5.76,28,1,0,0,0,5.88,-1,-1,-1,-1,-1,-1,,false,0,0
5718,Viti,Sassuolo,D,Dc,Dc,6,6,6,6,7,7,D,6,,N,N,0,0,0,0,0,0,0,19,0,0,0,0,5.63,-1,-1,-1,-1,-1,-1,,false,0,0
5831,Gatti,Juventus,D,Dc,Dc,6,6,6,6,12,12,B,7,,N,N,0,16,0,0,0,0,5.81,-1,-1,-1,-1,-1,-1,-1,-1,-1,-1,-1,-1,,false,1,0
5838,Birindelli,Monza,D,Dd;Ds;E,Dd;Ds,6,5,7,6,5,6,D,6,,N,N,0,30,0,2,0,0,5.77,-1,-1,-1,-1,-1,-1,-1,-1,-1,-1,-1,-1,,false,0,0
5867,Gendrey,Lecce,D,Dd;E,Dd,6,6,6,6,8,9,D,9,,N,N,0,36,0,1,0,0,5.85,-1,-1,-1,-1,-1,-1,-1,-1,-1,-1,-1,-1,,false,0,0
6202,Beukema,Bologna,D,Dc,Dc,6,6,6,6,22,22,B,8,,N,N,0,-1,-1,-1,-1,-1,-1,-1,-1,-1,-1,-1,-1,-1,-1,-1,-1,-1,-1,,false,0,0
6211,Zemura,Udinese,D,Ds;E,Ds,6,5,6,5,7,7,C,6,,N,N,0,-1,-1,-1,-1,-1,-1,-1,-1,-1,-1,-1,-1,-1,-1,-1,-1,-1,-1,,false,0,0
6230,Dossena,Cagliari,D,Dc,Dc,6,6,6,6,7,7,C,8,,N,N,0,-1,-1,-1,-1,-1,-1,-1,-1,-1,-1,-1,-1,-1,-1,-1,-1,-1,-1,,false,0,0
6231,Azzi,Cagliari,D,Ds;E,Ds,6,5,6,5,10,10,D,4,,N,N,0,-1,-1,-1,-1,-1,-1,-1,-1,-1,-1,-1,-1,-1,-1,-1,-1,-1,-1,,false,0,0
6464,Wieteska,Cagliari,D,Dc,Dc,6,5,6,5,7,7,D,5,,N,N,0,-1,-1,-1,-1,-1,-1,-1,-1,-1,-1,-1,-1,-1,-1,-1,-1,-1,-1,,false,0,0
49,Masina,Udinese,D,Ds;Dc,Dc,5,6,6,7,7,8,B,8,,N,N,15,11,2,0,0,0,6.36,-1,-1,-1,-1,-1,-1,-1,-1,-1,-1,-1,-1,,false,1,0
770,Pezzella Giu.,Empoli,D,Ds;E,Ds,5,5,5,5,5,5,C,8,,N,N,0,14,0,1,0,0,5.71,16,0,2,0,0,6,24,1,4,0,0,6.19,,false,0,0
791,Sabelli,Genoa,D,Dd;Ds;E,Dd;Ds,5,4,6,5,12,12,D,8,,N,N,0,-1,-1,-1,-1,-1,-1,7,0,0,0,0,5.5,-1,-1,-1,-1,-1,-1,,false,0,0
2653,Lykogiannis,Bologna,D,Ds;E,Ds,5,5,5,5,8,8,F,4,,N,Y,0,19,2,0,0,0,6.21,25,1,0,0,0,5.78,30,4,2,0,0,6.1,,false,0,0
2869,Djidji,Torino,D,Dc,Dc,5,6,5,6,7,7,C,6,,N,N,150,32,1,0,0,0,5.81,24,0,0,0,0,5.75,18,1,0,0,0,5.64,,false,5,0
4263,Kabasele,Udinese,D,Dc,Dc,5,5,5,5,5,5,C,6,,N,N,0,-1,-1,-1,-1,-1,-1,-1,-1,-1,-1,-1,-1,-1,-1,-1,-1,-1,-1,,false,0,0
4378,Ranieri L.,Fiorentina,D,Ds;Dc,Dc,5,5,5,6,12,12,C,7,,N,N,0,8,0,0,0,0,6.19,27,1,0,0,0,5.65,-1,-1,-1,-1,-1,-1,,false,0,0
4421,Augello,Cagliari,D,Ds;E,Ds,5,5,5,5,12,12,C,9,,N,N,0,37,2,5,0,0,6.09,34,1,1,0,0,5.93,37,1,3,0,0,6.03,,false,3,0
4433,Zortea,Atalanta,D,Dd;Ds;E,Dd;Ds,5,3,6,4,4,5,D,4,,N,N,0,15,1,1,0,0,6.1,23,1,2,0,0,5.96,-1,-1,-1,-1,-1,-1,,false,1,0
4493,Dawidowicz,Verona,D,Dc,Dc,5,4,5,4,5,5,D,9,,N,N,0,22,1,1,0,0,5.8,15,0,0,0,0,5.67,27,0,0,0,0,5.72,,false,0,0
4897,Pirola,Salernitana,D,Dc,Dc,5,5,5,5,10,10,C,9,,N,N,10,25,2,0,0,0,5.94,-1,-1,-1,-1,-1,-1,0,0,0,0,0,0,,false,0,0
4934,Lovato,Salernitana,D,Dc,Dc,5,4,5,4,6,6,D,6,,N,N,0,14,0,0,0,0,5.5,21,0,0,0,0,5.86,21,0,0,0,0,5.81,,false,0,0
4952,Monterisi,Frosinone,D,Dc,Dc,5,1,5,1,6,6,F,6,,N,N,0,-1,-1,-1,-1,-1,-1,-1,-1,-1,-1,-1,-1,-1,-1,-1,-1,-1,-1,,false,0,0
5010,Ismajli,Empoli,D,Dc,Dc,5,5,5,5,9,9,D,8,,N,N,0,25,0,0,0,0,5.86,17,0,0,0,0,5.06,16,1,1,0,0,5.94,,false,0,0
5323,Martinez Quarta,Fiorentina,D,Dc,Dc,5,6,5,6,7,7,C,7,,N,N,0,27,1,1,0,0,5.98,18,1,0,0,0,5.75,19,1,0,0,0,5.87,,false,20,0
5354,Ruggeri,Atalanta,D,Ds;E,Ds,5,3,6,4,10,8,F,3,,N,N,0,10,0,1,0,0,5.8,13,0,0,0,0,5.81,3,0,0,0,0,5.5,,false,0,0
5603,Pongracic,Lecce,D,Dc,Dc,5,5,5,5,6,6,C,9,,N,N,0,9,0,0,0,0,5.89,-1,-1,-1,-1,-1,-1,-1,-1,-1,-1,-1,-1,,false,0,0
5701,Obert,Cagliari,D,Dc,Dc,5,5,5,5,6,6,F,5,,N,N,0,-1,-1,-1,-1,-1,-1,4,0,0,0,0,5.88,-1,-1,-1,-1,-1,-1,,false,0,0
5747,Tressoldi,Sassuolo,D,Dc,Dc,5,5,5,5,7,7,D,7,,N,N,0,-1,-1,-1,-1,-1,-1,-1,-1,-1,-1,-1,-1,-1,-1,-1,-1,-1,-1,,false,0,0
5848,Ebosele,Udinese,D,Dd;E,Dd,5,4,5,4,6,6,C,5,,N,N,0,10,0,1,0,0,6,-1,-1,-1,-1,-1,-1,-1,-1,-1,-1,-1,-1,,false,0,0
6438,Hatzidiakos,Cagliari,D,Dd;Dc,Dc,5,5,5,5,7,7,C,9,,N,N,0,-1,-1,-1,-1,-1,-1,-1,-1,-1,-1,-1,-1,-1,-1,-1,-1,-1,-1,,false,0,0
327,Patric,Lazio,D,Dd;Dc,Dc,4,5,5,6,5,6,F,6,,N,N,0,17,0,0,0,0,6.09,21,1,1,0,0,5.71,23,0,1,0,0,5.59,,false,19,0
2083,Biraschi,Genoa,D,Dd;Dc,Dc,4,3,5,4,3,4,F,5,,N,N,0,-1,-1,-1,-1,-1,-1,14,0,0,0,0,5.46,13,0,0,0,0,5.69,,false,0,0
2728,Pellegrini Lu.,Lazio,D,Ds;E,Ds,4,4,4,4,8,8,F,5,,N,N,0,3,0,0,0,0,5.83,17,0,1,0,0,5.97,11,0,1,0,0,5.41,,false,0,0
4385,Lazaro,Torino,D,E,E,4,4,4,4,8,8,C,6,,N,N,0,20,0,3,0,0,6.05,0,0,0,0,0,0,-1,-1,-1,-1,-1,-1,,false,0,0
4945,Calafiori,Bologna,D,Ds;E,Ds,4,4,4,4,7,7,C,6,,N,N,0,0,0,0,0,0,0,4,0,1,0,0,5.62,2,0,0,0,0,5.5,,false,0,0
5509,Vina,Sassuolo,D,Ds;E,Ds,4,4,4,4,6,6,C,8,,N,N,0,1,0,0,0,0,5.5,23,0,1,0,0,5.74,-1,-1,-1,-1,-1,-1,,false,0,0
5812,Terracciano F.,Verona,D,Dd;E,Dd,4,3,4,3,7,7,C,6,,N,N,0,13,0,1,0,0,6.12,-1,-1,-1,-1,-1,-1,-1,-1,-1,-1,-1,-1,,false,0,0
6047,Ehizibue,Udinese,D,Dd;E,Dd,4,5,4,5,6,6,C,5,,N,N,90,21,2,0,0,0,5.93,-1,-1,-1,-1,-1,-1,-1,-1,-1,-1,-1,-1,,false,0,0
6245,Vogliacco,Genoa,D,Dd;Dc,Dc,4,5,5,6,4,4,D,3,,N,N,10,-1,-1,-1,-1,-1,-1,-1,-1,-1,-1,-1,-1,-1,-1,-1,-1,-1,-1,,false,0,0
418,Goldaniga,Cagliari,D,Dc,Dc,3,3,3,3,3,3,D,2,,N,N,0,-1,-1,-1,-1,-1,-1,11,0,0,0,0,5.5,24,0,1,0,0,5.73,,false,0,0
1895,Ferrari G.,Sassuolo,D,Dc,Dc,3,4,3,4,10,10,D,5,,N,N,0,27,1,0,0,0,5.81,36,1,0,0,0,5.75,34,0,2,0,0,6.03,,false,7,0
2006,Lirola,Frosinone,D,Dd;E,Dd,3,3,3,3,5,5,D,6,,N,N,0,-1,-1,-1,-1,-1,-1,0,0,0,0,0,0,11,0,1,0,0,5.86,,false,0,0
2104,Bereszynski,Empoli,D,Dd;E,Dd,3,3,3,3,4,4,D,4,,N,N,0,17,0,1,0,0,5.71,35,0,3,0,0,5.6,31,1,0,0,0,5.9,,false,0,0
2174,Venuti,Lecce,D,Dd;Ds;E,Dd;Ds,3,4,4,5,5,7,F,5,,N,N,40,16,0,0,0,0,5.66,21,0,0,0,0,5.6,24,0,1,0,0,5.58,,false,0,0
2180,Karsdorp,Roma,D,Dd;E,Dd,3,2,3,2,2,2,F,6,,N,N,0,12,0,0,0,0,5.71,35,0,2,0,0,6,34,1,6,0,0,6.29,,false,4,0
2285,Bani,Genoa,D,Dc,Dc,3,3,3,3,6,6,D,9,,N,N,0,-1,-1,-1,-1,-1,-1,17,0,0,0,0,5.97,25,0,0,0,0,5.48,,false,0,0
2633,Kjaer,Milan,D,Dc,Dc,3,4,3,4,8,8,D,5,,N,N,0,14,0,0,0,0,5.82,10,0,0,0,0,5.9,28,0,1,0,0,6.25,,false,1,0
2758,Gunter,Verona,D,Dc,Dc,3,4,3,4,4,4,D,4,,N,N,0,23,1,1,0,0,5.7,30,0,0,0,0,5.57,25,0,2,0,0,5.98,,false,0,0
2769,Magnani,Verona,D,Dc,Dc,3,3,3,3,4,4,D,9,,N,N,0,24,0,1,0,0,5.58,14,0,0,0,0,5.61,23,0,0,0,0,5.83,,false,0,0
4891,Soumaoro,Bologna,D,Dc,Dc,3,4,3,4,5,5,D,5,,N,N,120,23,0,0,0,0,5.89,27,0,0,0,0,5.57,20,1,0,0,0,5.88,,false,0,0
4925,Carboni A.,Monza,D,Ds;Dc,Dc,3,3,4,4,3,4,F,5,,N,N,0,3,0,0,0,0,5.33,-1,-1,-1,-1,-1,-1,-1,-1,-1,-1,-1,-1,,false,0,0
5406,Di Pardo,Cagliari,D,Dd;E,Dd,3,2,3,2,3,3,D,4,,N,N,0,-1,-1,-1,-1,-1,-1,-1,-1,-1,-1,-1,-1,0,0,0,0,0,0,,false,0,0
5527,Zanoli,Napoli,D,Dd;E,Dd,3,4,3,4,6,6,D,5,,N,N,0,20,2,2,0,0,6.32,6,0,0,0,0,5.75,-1,-1,-1,-1,-1,-1,,false,1,0
5691,Zima,Torino,D,Dc,Dc,3,3,3,3,4,4,D,5,,N,N,0,8,0,0,0,0,5.81,18,0,0,0,0,5.81,-1,-1,-1,-1,-1,-1,,false,0,0
5748,Hefti,Genoa,D,Dd;E,Dd,3,3,3,3,4,4,D,7,,N,N,0,-1,-1,-1,-1,-1,-1,16,0,0,0,0,5.78,-1,-1,-1,-1,-1,-1,,false,0,0
5750,Ostigard,Napoli,D,Dc,Dc,3,4,3,4,9,9,D,6,,N,N,0,6,0,0,0,0,5.92,15,0,0,0,0,5.43,-1,-1,-1,-1,-1,-1,,false,0,0
5856,Sambia,Salernitana,D,Dd;E,Dd,3,4,3,4,5,5,D,5,,N,N,0,13,0,1,0,0,5.92,-1,-1,-1,-1,-1,-1,-1,-1,-1,-1,-1,-1,,false,0,0
6217,Bisseck,Inter,D,Dc,Dc,3,4,3,4,6,6,D,3,,N,N,0,-1,-1,-1,-1,-1,-1,-1,-1,-1,-1,-1,-1,-1,-1,-1,-1,-1,-1,,false,0,0
6257,Dorgu,Lecce,D,Ds;E,Ds,3,1,3,1,8,8,F,6,,N,N,0,-1,-1,-1,-1,-1,-1,-1,-1,-1,-1,-1,-1,-1,-1,-1,-1,-1,-1,,false,0,0
6465,Touba,Lecce,D,Ds;Dc,Dc,3,3,3,3,5,5,D,3,,N,N,0,-1,-1,-1,-1,-1,-1,-1,-1,-1,-1,-1,-1,-1,-1,-1,-1,-1,-1,,false,0,0
6474,Sazonov,Torino,D,Dc,Dc,3,3,3,3,4,4,D,5,,N,N,0,-1,-1,-1,-1,-1,-1,-1,-1,-1,-1,-1,-1,-1,-1,-1,-1,-1,-1,,false,0,0
294,Rugani,Juventus,D,Dc,Dc,2,3,2,3,6,6,D,5,,N,N,0,7,0,0,0,0,6,12,0,0,0,0,5.88,12,1,1,0,0,6.04,,false,0,0
358,De Sciglio,Juventus,D,Dd;Ds;E,Dd;Ds,2,3,2,3,6,6,D,5,,N,N,90,17,0,0,0,0,5.76,16,1,2,0,0,6.25,1,0,0,0,0,6,,false,0,0
464,Florenzi,Milan,D,Dd;Ds;E,Dd;Ds,2,3,3,4,5,7,D,5,,N,N,0,4,0,0,0,0,5.75,20,2,0,0,0,6.4,0,0,0,0,0,0,,false,0,0
2016,Fazio,Salernitana,D,Dc,Dc,2,2,2,2,2,2,F,4,,N,N,0,12,1,0,0,0,5.79,16,1,0,0,0,5.78,5,1,0,0,0,6.3,,false,7,0
2192,Bonifazi,Bologna,D,Dc,Dc,2,3,2,3,3,3,F,4,,N,N,0,13,0,0,0,0,5.65,17,0,0,0,0,5.41,28,0,0,0,0,5.8,,false,0,0
4374,Walukiewicz,Empoli,D,Dc,Dc,2,3,2,3,4,4,F,6,,N,N,0,9,0,0,0,0,5.89,6,0,0,0,0,5.58,19,0,1,0,0,5.53,,false,0,0
4495,Kumbulla,Roma,D,Dc,Dc,2,3,2,3,3,3,F,4,,N,N,90,5,0,0,0,0,5.1,13,0,0,0,0,5.58,19,1,0,0,0,5.84,,false,0,0
4657,Celik,Roma,D,Dd;E,Dd,2,3,2,3,5,5,D,4,,N,N,0,21,0,1,0,0,5.69,-1,-1,-1,-1,-1,-1,-1,-1,-1,-1,-1,-1,,false,1,0
5316,Amione,Verona,D,Ds;Dc,Dc,2,3,3,4,5,6,C,2,,N,N,0,27,1,1,0,0,5.63,0,0,0,0,0,0,0,0,0,0,0,0,,false,0,0
5554,Daniliuc,Salernitana,D,Dd;Dc,Dc,2,3,2,3,4,5,D,8,,N,N,60,27,0,0,0,0,5.5,-1,-1,-1,-1,-1,-1,-1,-1,-1,-1,-1,-1,,false,1,0
5695,Haps,Genoa,D,Ds;E,Ds,2,2,2,2,4,4,D,5,,N,N,0,-1,-1,-1,-1,-1,-1,25,1,1,0,0,5.88,-1,-1,-1,-1,-1,-1,,false,0,0
5739,De Winter,Genoa,D,Dd;Dc,Dc,2,3,2,3,6,8,D,4,,N,N,0,13,0,0,0,0,5.62,0,0,0,0,0,0,-1,-1,-1,-1,-1,-1,,false,0,0
5757,Cittadini,Monza,D,Dc,Dc,2,3,2,3,4,4,D,3,,N,N,0,-1,-1,-1,-1,-1,-1,-1,-1,-1,-1,-1,-1,-1,-1,-1,-1,-1,-1,,false,0,0
5764,Coppola D.,Verona,D,Dc,Dc,2,2,2,2,2,2,D,2,,N,N,0,16,0,0,0,0,5.66,3,0,0,0,0,5.83,-1,-1,-1,-1,-1,-1,,false,0,0
5804,Cacace,Empoli,D,Ds;E,Ds,2,3,2,3,8,8,D,6,,N,N,0,10,0,0,0,0,5.6,8,0,0,0,0,5.75,-1,-1,-1,-1,-1,-1,,false,0,0
5994,Ebosse,Udinese,D,Ds;Dc,Dc,2,3,3,4,3,4,D,4,,N,N,35,14,0,0,0,0,5.54,-1,-1,-1,-1,-1,-1,-1,-1,-1,-1,-1,-1,,false,1,0
6039,Cabal,Verona,D,Ds;Dc,Dc,2,3,3,4,4,5,D,2,,N,N,0,9,0,0,0,0,5.72,-1,-1,-1,-1,-1,-1,-1,-1,-1,-1,-1,-1,,false,0,0
6189,Missori,Sassuolo,D,Dd;E,Dd,2,1,2,1,1,1,F,4,,N,N,0,-1,-1,-1,-1,-1,-1,-1,-1,-1,-1,-1,-1,-1,-1,-1,-1,-1,-1,,false,0,0
6235,Kayode,Fiorentina,D,Dd;Ds;E,Dd;Ds,2,1,3,2,8,8,F,5,,N,N,0,-1,-1,-1,-1,-1,-1,-1,-1,-1,-1,-1,-1,-1,-1,-1,-1,-1,-1,,false,0,0
6238,Oyono,Frosinone,D,Dd;Ds;Dc,Dc,2,1,2,1,8,12,A-,9,,N,N,0,-1,-1,-1,-1,-1,-1,-1,-1,-1,-1,-1,-1,-1,-1,-1,-1,-1,-1,,false,0,0
6256,Ferreira J.,Udinese,D,Dd;E,Dd,2,1,2,1,1,1,C,5,,N,N,0,-1,-1,-1,-1,-1,-1,-1,-1,-1,-1,-1,-1,-1,-1,-1,-1,-1,-1,,false,0,0
6407,Corazza,Bologna,D,Dd;Ds;E,Dd;Ds,2,1,2,1,1,1,F,2,,N,N,0,-1,-1,-1,-1,-1,-1,-1,-1,-1,-1,-1,-1,-1,-1,-1,-1,-1,-1,,false,0,0
6485,Kristensen T.,Udinese,D,Dc,Dc,2,2,2,2,3,3,F,5,,N,N,0,-1,-1,-1,-1,-1,-1,-1,-1,-1,-1,-1,-1,-1,-1,-1,-1,-1,-1,,false,0,0
139,Dermaku,Lecce,D,Dc,Dc,1,1,1,1,1,1,F,3,,N,N,0,1,0,0,0,0,5.5,-1,-1,-1,-1,-1,-1,2,0,0,0,0,5.75,,false,0,0
144,Tonelli,Empoli,D,Dc,Dc,1,1,1,1,2,2,F,1,,N,N,0,1,0,0,0,0,5.5,13,0,0,0,0,5.19,22,1,0,0,0,5.84,,false,0,0
454,Capradossi,Cagliari,D,Dc,Dc,1,1,1,1,1,1,D,2,,N,N,0,0,0,0,0,0,0,0,0,0,0,0,0,1,0,0,0,0,6.5,,false,0,0
487,De Silvestri,Bologna,D,Dd;E,Dd,1,2,1,2,3,3,F,4,,N,N,0,13,1,0,0,0,5.96,31,3,2,0,0,6.18,28,2,0,0,0,5.86,,false,1,0
729,Pereira P.,Monza,D,Dd;E,Dd,1,1,1,1,1,1,F,3,,N,N,0,0,0,0,0,0,0,-1,-1,-1,-1,-1,-1,34,0,4,0,0,5.75,,false,0,0
2737,Bettella,Monza,D,Dc,Dc,1,1,1,1,1,1,D,3,,N,N,20,0,0,0,0,0,0,-1,-1,-1,-1,-1,-1,-1,-1,-1,-1,-1,-1,,false,0,0
4432,Okoli,Frosinone,D,Dc,Dc,1,2,1,2,7,7,D,9,,N,N,0,14,0,0,0,0,5.61,-1,-1,-1,-1,-1,-1,-1,-1,-1,-1,-1,-1,,false,0,0
5424,Amey,Bologna,D,Dd;Dc,Dc,1,1,1,1,1,2,F,3,,N,N,0,0,0,0,0,0,0,-1,-1,-1,-1,-1,-1,0,0,0,0,0,0,,false,1,0
5686,Soppy,Torino,D,E,E,1,2,1,2,3,3,C,5,,N,N,0,12,0,3,0,0,5.88,19,0,0,0,0,5.82,-1,-1,-1,-1,-1,-1,,false,1,0
5833,Gila,Lazio,D,Dc,Dc,1,1,1,1,2,2,D,3,,N,N,0,2,0,0,0,0,5.5,-1,-1,-1,-1,-1,-1,-1,-1,-1,-1,-1,-1,,false,0,0
6023,Guessand A.,Udinese,D,Dc,Dc,1,1,1,1,1,1,F,2,,N,N,0,1,0,0,0,0,6.5,-1,-1,-1,-1,-1,-1,-1,-1,-1,-1,-1,-1,,false,0,0
6028,Bronn,Salernitana,D,Dd;Dc,Dc,1,2,1,2,3,3,D,4,,N,N,0,21,0,0,0,0,5.43,-1,-1,-1,-1,-1,-1,-1,-1,-1,-1,-1,-1,,false,1,0
6043,Sosa,Bologna,D,Dc,Dc,1,2,1,2,2,2,D,3,,N,N,0,9,0,0,0,0,5.28,-1,-1,-1,-1,-1,-1,-1,-1,-1,-1,-1,-1,,false,0,0
6056,Guarino,Empoli,D,Dc,Dc,1,1,1,1,2,2,D,3,,N,N,0,0,0,0,0,0,0,-1,-1,-1,-1,-1,-1,-1,-1,-1,-1,-1,-1,,false,0,0
6149,Carboni F.,Monza,D,Ds;E,Ds,1,1,1,1,1,1,F,3,,N,N,0,2,0,0,0,0,6.25,-1,-1,-1,-1,-1,-1,-1,-1,-1,-1,-1,-1,,false,0,0
6223,Smajlovic,Lecce,D,Dc,Dc,1,1,1,1,1,1,D,3,,N,N,0,-1,-1,-1,-1,-1,-1,-1,-1,-1,-1,-1,-1,-1,-1,-1,-1,-1,-1,,false,0,0
6244,Matturro,Genoa,D,Dc,Dc,1,1,1,1,1,1,F,4,,N,N,0,-1,-1,-1,-1,-1,-1,-1,-1,-1,-1,-1,-1,-1,-1,-1,-1,-1,-1,,false,0,0
6253,N'guessan,Torino,D,Dc,Dc,1,1,1,1,1,1,F,2,,N,N,0,-1,-1,-1,-1,-1,-1,-1,-1,-1,-1,-1,-1,-1,-1,-1,-1,-1,-1,,false,0,0
6411,Mateus Lusuardi,Frosinone,D,Dc,Dc,1,1,1,1,1,1,F,3,,N,N,0,-1,-1,-1,-1,-1,-1,-1,-1,-1,-1,-1,-1,-1,-1,-1,-1,-1,-1,,false,0,0
6430,Kalaj,Frosinone,D,Dc,Dc,1,1,1,1,1,1,F,3,,N,N,0,-1,-1,-1,-1,-1,-1,-1,-1,-1,-1,-1,-1,-1,-1,-1,-1,-1,-1,,false,0,0
6432,Pierozzi,Fiorentina,D,Dd;Ds;E,Dd;Ds,1,1,1,2,2,3,F,5,,N,N,0,-1,-1,-1,-1,-1,-1,-1,-1,-1,-1,-1,-1,-1,-1,-1,-1,-1,-1,,false,0,0
6433,Huijsen,Juventus,D,Dc,Dc,1,1,1,1,1,1,F,3,,N,N,0,-1,-1,-1,-1,-1,-1,-1,-1,-1,-1,-1,-1,-1,-1,-1,-1,-1,-1,,false,0,0
6444,Bonfanti,Atalanta,D,Dc,Dc,1,1,1,1,1,1,F,2,,N,N,0,-1,-1,-1,-1,-1,-1,-1,-1,-1,-1,-1,-1,-1,-1,-1,-1,-1,-1,,false,0,0
6460,Pellegrino,Milan,D,Dc,Dc,1,1,1,1,1,1,F,5,,N,N,0,-1,-1,-1,-1,-1,-1,-1,-1,-1,-1,-1,-1,-1,-1,-1,-1,-1,-1,,false,0,0
632,Zaccagni,Lazio,C,W;A,W,26,28,26,28,162,160,B,9,,Y,Y,0,35,10,6,1,0,7.44,30,6,4,1,0,6.93,35,5,5,1,0,6.79,,false,22,0
5685,Koopmeiners,Atalanta,C,C;T,C,24,24,24,24,112,112,A,8,,Y,Y,0,33,10,5,2,2,7.14,28,4,1,0,0,6.62,-1,-1,-1,-1,-1,-1,,false,40,0
335,Felipe Anderson,Lazio,C,W;A,W,22,23,22,23,114,120,B,9,,N,N,0,38,9,3,0,0,7,38,6,8,0,0,6.8,-1,-1,-1,-1,-1,-1,,false,37,0
2085,Luis Alberto,Lazio,C,C;T,C,22,21,23,22,90,94,A,8,,Y,Y,0,34,6,7,1,1,6.93,34,5,10,0,0,6.81,34,9,0,0,0,7.03,,false,22,0
2379,Rabiot,Juventus,C,C,C,22,22,22,22,103,103,A,9,,N,N,0,32,8,4,0,0,7.03,29,0,2,0,0,5.69,32,4,1,0,0,6.09,,false,0,0
152,Zielinski,Napoli,C,C;T,C,21,20,21,20,74,74,A-,7,,N,Y,0,37,3,8,0,0,6.72,34,6,5,0,0,6.78,36,8,9,0,0,7.28,,false,51,0
1870,Barella,Inter,C,C,C,20,20,20,20,78,78,A-,10,,N,N,0,35,6,6,0,0,6.86,36,3,11,0,0,6.92,36,3,5,0,0,6.61,,false,49,0
2423,Pulisic,Milan,C,T;A,T,20,18,19,17,126,120,A,8,,Y,Y,0,-1,-1,-1,-1,-1,-1,-1,-1,-1,-1,-1,-1,-1,-1,-1,-1,-1,-1,,false,0,0
2167,Orsolini,Bologna,C,W,W,19,21,18,20,91,91,A-,7,,Y,Y,0,32,11,2,3,0,7.09,26,6,3,2,0,6.81,31,7,3,3,0,6.74,,false,1,0
4856,Chukwueze,Milan,C,W;A,W,19,19,18,18,75,75,A,8,,N,N,0,-1,-1,-1,-1,-1,-1,-1,-1,-1,-1,-1,-1,-1,-1,-1,-1,-1,-1,,false,0,0
4486,Strefezza,Lecce,C,W,W,18,18,17,17,69,69,A,8,,Y,Y,0,34,8,4,2,1,6.97,-1,-1,-1,-1,-1,-1,-1,-1,-1,-1,-1,-1,,false,0,0
5858,Ferguson,Bologna,C,C;T,C,18,17,19,18,71,74,A-,9,,N,N,0,31,7,0,0,0,6.85,-1,-1,-1,-1,-1,-1,-1,-1,-1,-1,-1,-1,,false,22,0
332,Candreva,Salernitana,C,W,W,17,15,16,14,75,72,A-,9,,Y,Y,0,35,7,4,0,0,6.89,36,7,10,1,1,6.85,33,5,7,2,0,6.88,,false,1,0
2194,Calhanoglu,Inter,C,M;C,M,17,16,19,18,69,81,A,9,,Y,Y,0,33,3,5,1,0,6.74,33,7,12,3,0,7.2,33,4,9,1,0,6.85,,false,1,0
2848,Frattesi,Inter,C,C,C,17,17,17,17,54,54,B,7,,N,N,0,36,7,0,0,0,6.79,36,4,3,0,0,6.36,0,0,0,0,0,0,,false,22,0
5119,Samardzic,Udinese,C,C;T,C,17,16,17,16,50,50,A-,9,,Y,N,0,32,5,3,0,0,6.59,13,2,2,0,0,6.73,-1,-1,-1,-1,-1,-1,,false,0,0
5687,Vlasic,Torino,C,W;T,W;T,17,18,18,19,68,74,B,9,,Y,Y,15,34,5,6,0,0,6.82,-1,-1,-1,-1,-1,-1,-1,-1,-1,-1,-1,-1,,false,40,0
795,El Shaarawy,Roma,C,W;A,W,16,16,15,15,35,31,B,6,,N,N,0,26,7,1,0,0,7.15,24,3,0,0,0,6.27,9,1,0,0,0,5.94,,false,0,0
4142,Aouar,Roma,C,C;T,C,16,15,16,15,55,55,B,8,,N,Y,15,-1,-1,-1,-1,-1,-1,-1,-1,-1,-1,-1,-1,-1,-1,-1,-1,-1,-1,,false,0,0
367,Bonaventura,Fiorentina,C,C;T,C,15,14,15,14,39,39,A-,8,,N,Y,0,28,5,1,0,0,6.71,31,4,4,0,0,6.56,32,3,2,0,0,6.3,,false,12,0
530,Pellegrini Lo.,Roma,C,C;T,C,15,16,15,16,62,66,A-,9,,Y,Y,0,32,4,5,2,1,6.33,27,9,3,2,1,7.13,33,7,5,1,0,6.94,,false,46,0
536,Politano,Napoli,C,W,W,15,14,14,13,66,60,B,7,,Y,N,0,23,3,2,2,1,6.54,31,3,4,0,0,6.5,36,9,3,0,0,7.01,,false,1,0
4427,Malinovskyi,Genoa,C,T,T,15,17,14,16,62,60,B,10,,Y,Y,0,12,1,2,0,0,6.38,29,6,5,0,0,6.88,32,8,11,1,0,7.44,,false,28,0
5850,Lovric,Udinese,C,C;T,C,15,15,15,15,53,53,B,9,,N,Y,0,36,5,6,0,0,6.71,-1,-1,-1,-1,-1,-1,-1,-1,-1,-1,-1,-1,,false,5,0
5948,Kamada,Lazio,C,C;T,C,15,15,15,15,48,45,B,9,,N,N,0,-1,-1,-1,-1,-1,-1,-1,-1,-1,-1,-1,-1,-1,-1,-1,-1,-1,-1,,false,15,0
5949,Lindstrom,Napoli,C,W;T,W;T,15,15,15,15,60,60,A-,6,,N,N,0,-1,-1,-1,-1,-1,-1,-1,-1,-1,-1,-1,-1,-1,-1,-1,-1,-1,-1,,false,0,0
236,Lazovic,Verona,C,E;W,E,14,15,14,15,42,45,B,9,,N,Y,20,30,4,5,0,0,6.82,34,1,7,0,0,6.49,31,3,6,0,0,6.58,,false,7,0
4199,Loftus-Cheek,Milan,C,C,C,14,13,14,13,33,33,A-,9,,N,N,0,-1,-1,-1,-1,-1,-1,-1,-1,-1,-1,-1,-1,-1,-1,-1,-1,-1,-1,,false,0,0
4220,Zambo Anguissa,Napoli,C,M;C,M,14,14,15,15,34,40,A-,9,,N,N,0,36,3,5,0,0,6.6,23,0,1,0,0,6.22,-1,-1,-1,-1,-1,-1,,false,15,0
4479,Elmas,Napoli,C,C;W;T,C,14,15,16,17,44,50,B,7,,N,N,0,34,6,3,1,0,6.69,32,3,4,0,0,6.48,21,2,1,0,0,6.17,,false,8,0
4711,Kostic,Juventus,C,E;W,E,14,15,14,15,30,25,A-,7,,N,Y,0,36,3,10,0,0,6.6,-1,-1,-1,-1,-1,-1,-1,-1,-1,-1,-1,-1,,false,20,0
5800,Gudmundsson A.,Genoa,C,T;A,T,14,14,13,13,63,58,A-,10,,Y,Y,0,-1,-1,-1,-1,-1,-1,11,1,0,0,0,5.82,-1,-1,-1,-1,-1,-1,,false,0,0
5823,Baldanzi,Empoli,C,T;A,T,14,15,13,14,39,36,B,10,,Y,Y,0,26,4,0,0,0,6.58,-1,-1,-1,-1,-1,-1,-1,-1,-1,-1,-1,-1,,false,0,0
5880,Ciurria,Monza,C,E;W,E,14,14,15,15,42,46,A-,9,,N,Y,0,35,6,6,0,0,6.81,-1,-1,-1,-1,-1,-1,-1,-1,-1,-1,-1,-1,,false,12,0
2077,Pasalic,Atalanta,C,T,T,13,14,12,13,30,25,B,7,,N,N,0,32,5,1,0,0,6.41,33,13,6,0,0,7.56,20,6,1,0,0,7,,false,10,0
2529,Mkhitaryan,Inter,C,C;T,C,13,13,13,13,42,42,B,6,,N,Y,0,31,3,2,0,0,6.39,31,5,6,0,0,6.82,34,13,10,1,0,7.74,,false,15,0
2741,Pessina,Monza,C,C;T,C,13,14,13,14,40,40,B,10,,Y,Y,0,35,5,3,3,0,6.57,24,1,1,0,0,6.06,26,2,1,0,0,6.46,,false,20,0
4186,Guendouzi,Lazio,C,C;T,C,13,13,12,12,30,28,B,8,,N,N,0,-1,-1,-1,-1,-1,-1,-1,-1,-1,-1,-1,-1,-1,-1,-1,-1,-1,-1,,false,0,0
4287,Lobotka,Napoli,C,M;C,M,13,13,14,14,27,36,B,10,,N,N,0,38,1,1,0,0,6.34,21,1,0,0,0,6.38,5,0,0,0,0,5.8,,false,15,0
5451,Bajrami,Sassuolo,C,T,T,13,13,12,12,36,30,C,6,,N,Y,0,36,2,1,0,0,6.01,34,6,5,3,0,6.88,-1,-1,-1,-1,-1,-1,,false,10,0
5453,Ricci S.,Torino,C,M;C,M,13,13,14,14,23,28,B,9,,N,N,0,28,2,1,0,0,6.3,30,1,1,0,0,5.95,-1,-1,-1,-1,-1,-1,,false,1,0
6224,Reijnders,Milan,C,M;C,M,13,12,14,13,40,50,A,9,,N,Y,0,-1,-1,-1,-1,-1,-1,-1,-1,-1,-1,-1,-1,-1,-1,-1,-1,-1,-1,,false,0,0
303,Pogba,Juventus,C,C;T,C,12,12,12,12,28,28,A-,2,,Y,N,40,5,0,0,0,0,6,-1,-1,-1,-1,-1,-1,-1,-1,-1,-1,-1,-1,,false,6,0
2543,Renato Sanches,Roma,C,C,C,12,13,12,13,32,30,C,7,,N,N,20,-1,-1,-1,-1,-1,-1,-1,-1,-1,-1,-1,-1,-1,-1,-1,-1,-1,-1,,false,0,0
4465,Fagioli,Juventus,C,C;T,C,12,13,12,13,30,30,B,7,,N,N,0,23,3,3,0,0,6.59,0,0,0,0,0,0,1,0,0,0,0,6,,false,0,0
4658,Ikone',Fiorentina,C,W,W,12,13,11,12,18,18,C,7,,N,N,15,30,4,2,0,0,6.43,15,1,1,0,0,6.1,-1,-1,-1,-1,-1,-1,,false,0,0
5007,Ilic,Torino,C,C,C,12,12,12,12,28,28,C,9,,N,Y,0,25,2,3,0,0,6.34,32,1,3,0,0,6.08,28,2,0,0,0,6.11,,false,4,0
5063,Radonjic,Torino,C,W,W,12,11,11,10,27,25,B,7,,N,Y,0,26,2,3,0,0,6.54,-1,-1,-1,-1,-1,-1,-1,-1,-1,-1,-1,-1,,false,0,0
5564,Ndoye,Bologna,C,W;A,W,12,12,11,11,25,25,A-,8,,N,N,0,-1,-1,-1,-1,-1,-1,-1,-1,-1,-1,-1,-1,-1,-1,-1,-1,-1,-1,,false,0,0
5792,Ederson D.s.,Atalanta,C,C;T,C,12,10,12,10,20,20,C,7,,N,N,0,34,1,1,0,0,6,15,2,1,0,0,6.47,-1,-1,-1,-1,-1,-1,,false,21,0
5878,Colpani,Monza,C,C;T,C,12,9,12,9,25,25,B,10,,N,N,0,24,4,1,0,0,6.62,-1,-1,-1,-1,-1,-1,-1,-1,-1,-1,-1,-1,,false,0,0
22,De Roon,Atalanta,C,M;C,M,11,11,12,12,18,22,A-,9,,N,N,0,34,3,0,0,0,6.26,30,3,0,0,0,6.13,35,1,1,0,0,6.06,,false,1,0
827,Locatelli,Juventus,C,M;C,M,11,12,12,13,29,32,B,9,,N,N,0,31,0,2,0,0,6.08,29,3,3,0,0,6.47,34,4,1,2,0,6.53,,false,12,0
2172,Barak,Fiorentina,C,T,T,11,12,10,11,14,10,C,6,,Y,N,25,28,2,0,0,0,5.96,29,11,3,4,0,7.48,34,7,3,0,0,6.69,,false,15,0
150,Saponara,Verona,C,W;T,W;T,10,11,10,11,29,33,D,6,,N,Y,15,24,4,3,0,0,6.6,24,3,3,0,0,6.79,8,2,0,0,0,6.81,,false,0,0
779,Cristante,Roma,C,M;C,M,10,9,11,10,17,23,C,8,,N,N,0,36,1,1,0,1,5.89,34,2,0,0,0,5.96,31,1,1,0,0,5.77,,false,13,0
1933,Mandragora,Fiorentina,C,M;C,M,10,9,10,10,15,16,C,8,,N,Y,0,28,2,4,0,0,6.25,18,0,2,0,0,6.06,26,3,1,0,0,6.15,,false,1,0
4662,Weah,Juventus,C,E;W,E,10,10,10,10,32,38,B,9,,N,N,0,-1,-1,-1,-1,-1,-1,-1,-1,-1,-1,-1,-1,-1,-1,-1,-1,-1,-1,,false,0,0
2818,Bennacer,Milan,C,M;C,M,9,10,10,11,9,10,A-,5,,N,N,90,28,2,3,0,0,6.46,28,2,1,0,0,6.41,21,0,1,0,0,5.69,,false,18,0
4182,Klaassen,Inter,C,C;T,C,9,9,9,9,18,18,B,6,,N,N,0,-1,-1,-1,-1,-1,-1,-1,-1,-1,-1,-1,-1,-1,-1,-1,-1,-1,-1,,false,0,0
4377,Castrovilli,Fiorentina,C,C;T,C,9,10,8,9,9,9,F,3,,N,N,90,12,2,1,0,0,6.54,23,1,1,0,0,6.11,32,5,3,0,0,6.39,,false,0,0
5001,Miranchuk,Atalanta,C,T;A,T,9,10,9,10,8,8,D,2,,N,N,0,28,4,5,0,0,6.84,18,2,4,0,0,6.44,16,4,1,0,0,7.03,,false,9,0
5295,Musah,Milan,C,C,C,9,9,9,9,18,18,C,3,,N,N,0,-1,-1,-1,-1,-1,-1,-1,-1,-1,-1,-1,-1,-1,-1,-1,-1,-1,-1,,false,0,0
5511,Matheus Henrique,Sassuolo,C,C,C,9,9,8,8,9,8,B,9,,N,N,0,30,4,1,0,0,6.27,20,0,0,0,0,5.8,-1,-1,-1,-1,-1,-1,,false,0,0
5995,De Ketelaere,Atalanta,C,T,T,9,7,9,7,41,37,B,7,,N,Y,0,27,0,1,0,0,5.74,-1,-1,-1,-1,-1,-1,-1,-1,-1,-1,-1,-1,,false,70,0
6216,Mboula,Verona,C,W,W,9,10,8,9,12,12,D,6,,N,N,0,-1,-1,-1,-1,-1,-1,-1,-1,-1,-1,-1,-1,-1,-1,-1,-1,-1,-1,,false,0,0
333,Cataldi,Lazio,C,M;C,M,8,7,8,8,12,14,C,6,,N,Y,0,28,0,1,0,0,5.93,30,1,2,0,0,6.08,13,0,0,0,0,5.58,,false,1,0
1987,Jankto,Cagliari,C,E;C,E,8,7,8,8,15,18,C,9,,N,Y,0,-1,-1,-1,-1,-1,-1,0,0,0,0,0,0,33,6,3,0,0,6.47,,false,0,0
2839,Sottil,Fiorentina,C,W,W,8,8,8,8,12,12,D,5,,N,N,0,16,0,2,0,0,6.06,22,3,2,0,0,6.41,19,2,1,0,0,6.32,,false,1,0
4285,Arthur Melo,Fiorentina,C,M;C,M,8,7,9,8,18,18,C,7,,N,N,0,-1,-1,-1,-1,-1,-1,-1,-1,-1,-1,-1,-1,-1,-1,-1,-1,-1,-1,,false,0,0
4342,Duda,Verona,C,C;T,C,8,6,8,6,14,14,C,8,,Y,Y,0,14,0,0,0,0,5.68,-1,-1,-1,-1,-1,-1,-1,-1,-1,-1,-1,-1,,false,0,0
4404,Thorsby,Genoa,C,M;C,M,8,9,10,11,18,21,B,6,,N,N,0,-1,-1,-1,-1,-1,-1,35,3,1,0,0,6,33,3,1,0,0,6.18,,false,0,0
4514,Nandez,Cagliari,C,E;C,E,8,7,9,8,21,24,B,9,,N,Y,0,-1,-1,-1,-1,-1,-1,20,0,2,0,0,6.02,32,2,3,0,0,6.23,,false,0,0
4890,Tameze,Torino,C,M;C,M,8,8,9,9,10,13,C,6,,N,N,0,37,0,0,0,0,5.77,36,4,2,0,0,6.58,32,1,0,0,0,5.92,,false,3,0
4965,Marin,Empoli,C,M;C,M,8,8,9,9,14,16,C,9,,N,Y,0,32,2,4,0,0,6.2,36,0,5,0,0,5.96,37,3,5,0,0,6.28,,false,1,0
4970,Messias,Genoa,C,W,W,8,9,7,8,28,28,C,6,,N,Y,20,25,5,2,0,0,6.62,26,5,2,0,0,6.62,36,9,3,0,0,6.99,,false,1,0
4973,Mckennie,Juventus,C,C,C,8,8,7,7,11,11,C,6,,N,N,0,15,1,1,0,0,5.97,19,3,0,0,0,6.63,33,5,2,0,0,6.61,,false,3,0
5093,Reinier,Frosinone,C,W;T,W;T,8,8,8,8,18,18,B,9,,N,N,0,-1,-1,-1,-1,-1,-1,-1,-1,-1,-1,-1,-1,-1,-1,-1,-1,-1,-1,,false,0,0
5422,Zalewski,Roma,C,E,E,8,8,9,9,10,10,C,6,,N,N,0,32,2,1,0,0,6.16,13,0,0,0,0,5.81,1,0,1,0,0,7,,false,0,0
5504,Coulibaly L.,Salernitana,C,M;C,M,8,8,9,9,10,13,B,9,,N,N,0,35,3,3,0,0,6.23,31,0,0,0,0,5.74,-1,-1,-1,-1,-1,-1,,false,0,0
5688,Harroui,Frosinone,C,M;C,M,8,4,8,5,22,27,A-,9,,Y,Y,0,17,2,0,0,0,6.24,10,0,0,0,0,5.7,-1,-1,-1,-1,-1,-1,,false,0,0
5788,Sabiri,Fiorentina,C,T;A,T,8,9,8,9,7,5,C,5,,N,N,15,18,2,0,1,1,5.81,13,3,2,0,0,6.88,-1,-1,-1,-1,-1,-1,,false,11,0
148,Krunic,Milan,C,M;C,M,7,6,8,7,12,14,C,8,,N,N,0,22,0,1,0,0,5.82,23,0,1,0,0,6.15,16,1,2,0,0,6.12,,false,0,0
468,Paredes,Roma,C,M;C,M,7,7,8,8,13,14,F,5,,N,N,0,20,1,0,0,0,5.78,-1,-1,-1,-1,-1,-1,-1,-1,-1,-1,-1,-1,,false,7,0
788,Freuler,Bologna,C,M;C,M,7,7,8,8,15,16,A-,9,,N,N,0,0,0,0,0,0,0,29,1,1,0,0,5.83,33,2,3,0,0,6.52,,false,0,0
801,Gagliardini,Monza,C,M;C,M,7,6,8,7,12,14,B,8,,N,N,0,13,0,0,0,0,5.46,15,2,2,0,0,6.57,22,3,2,0,0,6.5,,false,0,0
2117,Kastanos,Salernitana,C,C;T,C,7,7,7,7,12,12,D,7,,N,Y,0,22,2,0,0,0,6.2,25,1,1,0,0,5.94,-1,-1,-1,-1,-1,-1,,false,0,0
4681,Lopez M.,Fiorentina,C,M;C,M,7,8,8,9,22,25,C,6,,N,Y,0,30,0,0,0,0,5.75,34,2,1,0,0,6.1,28,2,0,0,0,5.95,,false,10,0
4992,Gyasi,Empoli,C,W;A,W,7,8,7,8,8,8,D,8,,N,N,0,35,2,0,0,0,5.8,36,6,0,0,0,6.08,36,4,6,0,0,6.4,,false,0,0
5791,Frendrup,Genoa,C,E;M,E;M,7,5,8,7,13,16,D,7,,N,N,0,-1,-1,-1,-1,-1,-1,10,0,0,0,0,5.75,-1,-1,-1,-1,-1,-1,,false,0,0
6054,Moro N.,Bologna,C,M;C,M,7,6,7,6,12,14,B,7,,N,N,0,25,1,4,0,0,6.3,-1,-1,-1,-1,-1,-1,-1,-1,-1,-1,-1,-1,,false,0,0
6394,Ramadani,Lecce,C,M;C,M,7,6,8,7,11,13,C,9,,N,N,0,-1,-1,-1,-1,-1,-1,-1,-1,-1,-1,-1,-1,-1,-1,-1,-1,-1,-1,,false,0,0
65,Mancosu,Cagliari,C,T,T,6,7,5,6,6,6,D,4,,N,Y,20,-1,-1,-1,-1,-1,-1,-1,-1,-1,-1,-1,-1,-1,-1,-1,-1,-1,-1,,false,0,0
181,Vecino,Lazio,C,M;C,M,6,6,7,7,7,8,D,6,,N,N,0,30,2,0,0,0,6.05,10,1,0,0,0,6.25,4,1,1,0,0,7.38,,false,12,0
470,Strootman,Genoa,C,M;C,M,6,6,7,7,8,9,C,9,,N,N,0,-1,-1,-1,-1,-1,-1,9,0,0,0,0,5.5,18,0,3,0,0,6.14,,false,0,0
526,Duncan,Fiorentina,C,C,C,6,5,6,4,9,10,D,5,,N,N,0,21,1,0,0,0,5.95,31,2,2,0,0,6.13,15,0,1,0,0,5.8,,false,0,0
666,Machin,Monza,C,C,C,6,5,5,4,6,5,F,5,,N,N,0,21,0,2,0,0,5.9,-1,-1,-1,-1,-1,-1,-1,-1,-1,-1,-1,-1,,false,0,0
1978,Sensi,Inter,C,C;T,C,6,7,6,7,10,10,D,5,,N,N,0,27,3,1,0,0,6.26,14,1,0,0,0,6.11,16,0,0,0,0,5.91,,false,1,0
2008,Linetty,Torino,C,M;C,M,6,5,6,6,6,7,F,5,,N,N,0,29,1,0,0,0,5.93,16,0,0,0,0,5.72,24,1,0,0,0,5.71,,false,4,0
2392,Walace,Udinese,C,M;C,M,6,7,7,8,9,10,C,9,,N,N,0,37,0,1,0,0,5.89,35,1,0,0,0,5.86,28,0,0,0,0,5.84,,false,5,0
4947,Brescianini,Frosinone,C,M;C,M,6,5,6,6,4,6,C,4,,N,N,0,-1,-1,-1,-1,-1,-1,-1,-1,-1,-1,-1,-1,-1,-1,-1,-1,-1,-1,,false,0,0
5298,Pobega,Milan,C,C,C,6,5,5,4,8,8,C,6,,N,N,0,14,2,0,0,0,6.25,31,4,1,0,0,6.5,20,6,0,0,0,6.85,,false,0,0
5423,Bove,Roma,C,C,C,6,5,6,5,7,7,C,3,,N,N,0,17,1,0,0,0,6.15,2,1,0,0,0,8,0,0,0,0,0,0,,false,0,0
5784,Aebischer,Bologna,C,C;W;T,C,6,5,6,5,9,12,D,5,,N,N,0,26,1,0,0,0,5.9,8,0,0,0,0,5.81,-1,-1,-1,-1,-1,-1,,false,0,0
5844,Thorstvedt,Sassuolo,C,C;T,C,6,6,6,6,7,7,C,8,,N,N,0,25,2,1,0,0,6.2,-1,-1,-1,-1,-1,-1,-1,-1,-1,-1,-1,-1,,false,1,0
5869,Blin,Lecce,C,M;C,M,6,6,6,6,5,6,D,4,,N,Y,0,34,1,0,0,0,5.91,-1,-1,-1,-1,-1,-1,-1,-1,-1,-1,-1,-1,,false,0,0
5999,Gonzalez J.,Lecce,C,C,C,6,7,6,7,9,9,C,8,,N,N,0,34,1,1,0,0,5.91,-1,-1,-1,-1,-1,-1,-1,-1,-1,-1,-1,-1,,false,0,0
6061,Oudin,Lecce,C,W;T,W;T,6,6,5,5,9,8,C,6,,N,N,0,25,3,0,0,0,6.3,-1,-1,-1,-1,-1,-1,-1,-1,-1,-1,-1,-1,,false,0,0
6206,Fabbian,Bologna,C,C,C,6,5,6,5,18,18,B,6,,N,N,0,-1,-1,-1,-1,-1,-1,-1,-1,-1,-1,-1,-1,-1,-1,-1,-1,-1,-1,,false,0,0
6222,Rafia,Lecce,C,C;T,C,6,3,6,3,16,16,C,7,,Y,Y,0,-1,-1,-1,-1,-1,-1,-1,-1,-1,-1,-1,-1,-1,-1,-1,-1,-1,-1,,false,0,0
6402,Cajuste,Napoli,C,M;C,M,6,7,7,8,12,14,C,6,,N,N,0,-1,-1,-1,-1,-1,-1,-1,-1,-1,-1,-1,-1,-1,-1,-1,-1,-1,-1,,false,0,0
6410,Kaba,Lecce,C,M;C,M,6,5,6,6,7,8,D,6,,N,N,0,-1,-1,-1,-1,-1,-1,-1,-1,-1,-1,-1,-1,-1,-1,-1,-1,-1,-1,,false,0,0
27,Grassi,Empoli,C,M,M,5,5,5,5,6,8,D,8,,N,Y,0,20,0,0,0,0,5.85,28,0,1,0,0,5.88,20,0,0,0,0,5.55,,false,0,0
170,Badelj,Genoa,C,M;C,M,5,5,6,6,7,8,D,9,,N,N,0,-1,-1,-1,-1,-1,-1,34,1,0,0,0,5.79,29,1,3,0,0,6.22,,false,0,0
1976,Mazzitelli,Frosinone,C,M;C,M,5,4,6,5,6,8,D,3,,Y,Y,0,0,0,0,0,0,0,-1,-1,-1,-1,-1,-1,-1,-1,-1,-1,-1,-1,,false,0,0
2692,Castillejo,Sassuolo,C,W,W,5,5,4,4,9,7,D,5,,N,N,0,-1,-1,-1,-1,-1,-1,3,0,0,0,0,6.17,24,1,0,0,0,5.92,,false,0,0
5499,Hongla,Verona,C,M;C,M,5,4,6,5,4,6,C,8,,N,N,15,8,0,0,0,0,5.44,13,1,0,0,0,5.88,-1,-1,-1,-1,-1,-1,,false,0,0
5813,Miretti,Juventus,C,C;T,C,5,5,5,5,11,11,C,5,,N,N,0,25,0,2,0,0,6.02,4,0,0,0,0,6,-1,-1,-1,-1,-1,-1,,false,0,0
6010,Fazzini,Empoli,C,C;T,C,5,6,5,6,10,10,D,4,,N,N,0,15,0,0,0,0,5.8,-1,-1,-1,-1,-1,-1,-1,-1,-1,-1,-1,-1,,false,0,0
6112,Iling Junior,Juventus,C,W,W,5,4,4,3,12,12,B,6,,N,N,0,8,1,1,0,0,6.62,-1,-1,-1,-1,-1,-1,-1,-1,-1,-1,-1,-1,,false,0,0
6218,Oristanio,Cagliari,C,W;T;A,W;T,5,4,7,7,12,14,D,5,,N,N,0,-1,-1,-1,-1,-1,-1,-1,-1,-1,-1,-1,-1,-1,-1,-1,-1,-1,-1,,false,0,0
6219,Boloca,Sassuolo,C,M;C,M,5,6,6,7,12,14,D,8,,N,N,0,-1,-1,-1,-1,-1,-1,-1,-1,-1,-1,-1,-1,-1,-1,-1,-1,-1,-1,,false,0,0
6232,Makoumbou,Cagliari,C,M;C,M,5,5,6,6,8,10,C,8,,N,N,0,-1,-1,-1,-1,-1,-1,-1,-1,-1,-1,-1,-1,-1,-1,-1,-1,-1,-1,,false,0,0
6448,Martegani,Salernitana,C,T,T,5,4,4,3,6,5,B,7,,N,N,0,-1,-1,-1,-1,-1,-1,-1,-1,-1,-1,-1,-1,-1,-1,-1,-1,-1,-1,,false,0,0
6458,Serdar,Verona,C,C;T,C,5,5,5,5,7,7,D,5,,N,N,0,-1,-1,-1,-1,-1,-1,-1,-1,-1,-1,-1,-1,-1,-1,-1,-1,-1,-1,,false,0,0
6481,Payero,Udinese,C,C;T,C,5,5,5,5,8,8,D,6,,N,N,0,-1,-1,-1,-1,-1,-1,-1,-1,-1,-1,-1,-1,-1,-1,-1,-1,-1,-1,,false,0,0
694,Baez,Frosinone,C,W,W,4,3,4,3,6,6,D,3,,N,N,0,2,0,0,0,0,5.75,-1,-1,-1,-1,-1,-1,-1,-1,-1,-1,-1,-1,,false,0,0
1871,Deiola,Cagliari,C,M;C,M,4,4,4,4,5,6,D,8,,N,N,0,-1,-1,-1,-1,-1,-1,31,4,1,0,0,6.16,20,0,0,0,0,5.58,,false,0,0
2825,Bourabia,Frosinone,C,M;C,M,4,4,5,5,8,10,C,8,,N,N,0,37,1,2,0,0,6,8,1,0,0,0,6.38,11,1,0,0,0,6.09,,false,8,0
4459,Rovella,Lazio,C,M;C,M,4,5,5,6,10,12,C,6,,N,N,0,25,1,2,0,0,6.16,20,0,3,0,0,6.12,18,0,2,0,0,5.83,,false,1,0
4892,Saelemaekers,Bologna,C,W,W,4,5,4,5,7,7,B,7,,N,N,20,29,2,2,0,0,6.17,34,1,3,0,0,6.16,32,2,4,0,0,6.14,,false,7,0
4896,Maldini,Empoli,C,T;A,T,4,5,4,5,9,7,C,4,,N,N,15,15,2,0,0,0,6.43,3,1,0,0,0,7.17,0,0,0,0,0,0,,false,0,0
5267,Racic,Sassuolo,C,M;C,M,4,4,5,5,8,10,D,5,,N,N,0,-1,-1,-1,-1,-1,-1,-1,-1,-1,-1,-1,-1,-1,-1,-1,-1,-1,-1,,false,0,0
5397,Kovalenko,Empoli,C,C;T,C,4,4,4,4,7,7,F,2,,N,N,0,13,0,0,0,0,5.88,22,1,3,0,0,6.07,0,0,0,0,0,0,,false,0,0
5457,Maleh,Empoli,C,C,C,4,5,3,4,4,4,F,2,,N,N,0,21,0,1,0,0,5.76,23,2,1,0,0,6.26,-1,-1,-1,-1,-1,-1,,false,0,0
5798,Bohinen,Salernitana,C,M;C,M,4,4,4,4,6,7,D,8,,N,N,0,19,0,0,0,0,5.82,10,0,1,0,0,5.8,-1,-1,-1,-1,-1,-1,,false,0,0
5884,Ranocchia F.,Empoli,C,C,C,4,5,3,4,6,6,F,5,,N,N,0,12,1,0,0,0,6.42,-1,-1,-1,-1,-1,-1,-1,-1,-1,-1,-1,-1,,false,0,0
6393,Infantino,Fiorentina,C,W;T,W;T,4,5,5,6,10,12,C,5,,N,N,0,-1,-1,-1,-1,-1,-1,-1,-1,-1,-1,-1,-1,-1,-1,-1,-1,-1,-1,,false,0,0
6479,Kutlu,Genoa,C,M;C,M,4,4,5,5,6,7,D,4,,N,N,0,-1,-1,-1,-1,-1,-1,-1,-1,-1,-1,-1,-1,-1,-1,-1,-1,-1,-1,,false,0,0
6480,Tchatchoua,Verona,C,W,W,4,4,3,3,5,4,D,2,,N,N,20,-1,-1,-1,-1,-1,-1,-1,-1,-1,-1,-1,-1,-1,-1,-1,-1,-1,-1,,false,0,0
2161,Haas,Empoli,C,M;C,M,3,4,4,5,4,3,D,3,,N,N,0,24,1,0,0,0,5.96,16,0,2,0,0,5.91,-1,-1,-1,-1,-1,-1,,false,0,0
2183,Garritano,Frosinone,C,W;T,W;T,3,3,3,3,4,4,F,4,,N,N,0,-1,-1,-1,-1,-1,-1,-1,-1,-1,-1,-1,-1,-1,-1,-1,-1,-1,-1,,false,0,0
4787,Quina,Udinese,C,C;W;T,C,3,4,4,5,4,6,F,5,,N,N,0,-1,-1,-1,-1,-1,-1,-1,-1,-1,-1,-1,-1,-1,-1,-1,-1,-1,-1,,false,0,0
4870,Adopo,Atalanta,C,M;C,M,3,2,3,2,4,5,D,2,,N,N,0,4,0,0,0,0,5.75,-1,-1,-1,-1,-1,-1,-1,-1,-1,-1,-1,-1,,false,0,0
4988,Maggiore,Salernitana,C,C,C,3,3,3,3,4,3,F,6,,N,N,15,15,0,0,0,0,5.73,35,2,3,0,0,6.2,32,3,1,0,0,6.36,,false,6,0
5510,Romero L.,Milan,C,W,W,3,4,3,4,8,8,C,6,,N,N,0,2,1,0,0,0,7.75,2,0,0,0,0,5.5,-1,-1,-1,-1,-1,-1,,false,0,0
5674,Basic,Lazio,C,C,C,3,4,3,4,6,5,F,3,,N,N,0,14,1,0,0,0,6.18,20,0,2,0,0,5.88,-1,-1,-1,-1,-1,-1,,false,1,0
5719,Asllani,Inter,C,M;C,M,3,4,4,5,8,10,D,5,,N,N,0,13,0,0,0,0,5.85,18,1,1,0,0,6.17,-1,-1,-1,-1,-1,-1,,false,4,0
5919,Tchaouna,Salernitana,C,W,W,3,3,2,2,5,3,D,4,,N,N,0,-1,-1,-1,-1,-1,-1,-1,-1,-1,-1,-1,-1,-1,-1,-1,-1,-1,-1,,false,0,0
6024,Sulemana I.,Cagliari,C,M;C,M,3,3,2,2,4,5,D,6,,N,N,0,13,0,0,0,0,5.77,-1,-1,-1,-1,-1,-1,-1,-1,-1,-1,-1,-1,,false,0,0
6175,Barrenechea,Frosinone,C,M;C,M,3,2,4,3,6,8,D,6,,N,N,0,3,0,0,0,0,5.5,-1,-1,-1,-1,-1,-1,-1,-1,-1,-1,-1,-1,,false,0,0
6241,Gelli,Frosinone,C,C;W;T,C,3,1,3,1,1,1,F,5,,N,N,0,-1,-1,-1,-1,-1,-1,-1,-1,-1,-1,-1,-1,-1,-1,-1,-1,-1,-1,,false,0,0
6252,Folorunsho,Verona,C,C;T,C,3,2,3,2,12,12,D,6,,N,N,0,-1,-1,-1,-1,-1,-1,-1,-1,-1,-1,-1,-1,-1,-1,-1,-1,-1,-1,,false,0,0
6486,Suslov,Verona,C,C;W;T,C,3,3,5,5,5,7,F,5,,N,N,0,-1,-1,-1,-1,-1,-1,-1,-1,-1,-1,-1,-1,-1,-1,-1,-1,-1,-1,,false,0,0
4364,Gaetano,Napoli,C,C;T,C,2,3,2,3,4,4,F,4,,N,N,0,4,1,0,0,0,6.88,-1,-1,-1,-1,-1,-1,-1,-1,-1,-1,-1,-1,,false,0,0
4384,Jagiello,Genoa,C,C,C,2,3,2,3,5,4,F,3,,N,N,0,-1,-1,-1,-1,-1,-1,0,0,0,0,0,0,0,0,0,0,0,0,,false,0,0
4501,Obiang,Sassuolo,C,M;C,M,2,3,2,3,3,3,D,4,,N,N,0,13,0,0,0,0,5.81,0,0,0,0,0,0,24,0,1,0,0,5.77,,false,0,0
5286,Akpa Akpro,Monza,C,M;C,M,2,3,2,3,3,3,D,6,,N,N,0,24,1,1,0,0,6,6,0,0,0,0,5.25,25,0,1,0,0,5.82,,false,0,0
5425,Urbanski,Bologna,C,C;T,C,2,1,2,1,2,2,F,2,,N,N,0,0,0,0,0,0,0,-1,-1,-1,-1,-1,-1,0,0,0,0,0,0,,false,0,0
5735,Volpato,Sassuolo,C,T,T,2,3,2,3,4,4,D,3,,N,N,0,6,1,1,0,0,6.67,1,1,0,0,0,10,-1,-1,-1,-1,-1,-1,,false,0,0
5879,Vignato S.,Monza,C,T;A,T,2,1,2,1,1,1,D,4,,N,N,0,2,0,1,0,0,6.75,-1,-1,-1,-1,-1,-1,-1,-1,-1,-1,-1,-1,,false,0,0
5947,Hrustic,Verona,C,C,C,2,3,2,3,4,3,F,2,,N,N,0,5,0,0,0,0,5.4,-1,-1,-1,-1,-1,-1,-1,-1,-1,-1,-1,-1,,false,0,0
6212,Zarraga,Udinese,C,C,C,2,3,2,3,4,3,C,6,,N,N,0,-1,-1,-1,-1,-1,-1,-1,-1,-1,-1,-1,-1,-1,-1,-1,-1,-1,-1,,false,0,0
6221,Camara E.,Udinese,C,M;C,M,2,3,3,4,4,5,D,2,,N,N,0,-1,-1,-1,-1,-1,-1,-1,-1,-1,-1,-1,-1,-1,-1,-1,-1,-1,-1,,false,0,0
6236,Amatucci,Fiorentina,C,M;C,M,2,1,2,1,1,2,D,3,,N,N,0,-1,-1,-1,-1,-1,-1,-1,-1,-1,-1,-1,-1,-1,-1,-1,-1,-1,-1,,false,0,0
440,Viola,Cagliari,C,C,C,1,2,1,2,4,4,F,4,,N,N,0,-1,-1,-1,-1,-1,-1,3,0,0,0,0,5.67,17,5,1,4,0,7.15,,false,0,0
500,Lulic K.,Frosinone,C,C,C,1,2,1,2,3,3,F,3,,N,N,0,-1,-1,-1,-1,-1,-1,-1,-1,-1,-1,-1,-1,-1,-1,-1,-1,-1,-1,,false,0,0
2076,Rog,Cagliari,C,M;C,M,1,1,1,1,1,1,D,4,,N,N,150,-1,-1,-1,-1,-1,-1,8,0,1,0,0,5.94,14,0,0,0,0,5.89,,false,0,0
4349,Nicolussi Caviglia,Juventus,C,M;C,M,1,2,1,2,2,2,D,4,,N,N,0,11,1,0,0,0,5.91,-1,-1,-1,-1,-1,-1,0,0,0,0,0,0,,false,0,0
4725,Demme,Napoli,C,M,M,1,1,1,1,1,1,D,2,,N,N,0,2,0,0,0,0,5.75,13,1,0,0,0,6,21,2,2,0,0,6.45,,false,1,0
5824,Pafundi,Udinese,C,T;A,T,1,1,1,1,1,1,B,5,,N,N,0,2,0,0,0,0,5.75,-1,-1,-1,-1,-1,-1,-1,-1,-1,-1,-1,-1,,false,0,0
5875,Adli,Milan,C,T,T,1,1,1,1,3,3,D,4,,N,N,0,4,0,0,0,0,5.5,-1,-1,-1,-1,-1,-1,-1,-1,-1,-1,-1,-1,,false,0,0
5992,Bondo,Monza,C,C;T,C,1,1,1,1,1,1,F,4,,N,N,0,2,0,0,0,0,5.5,-1,-1,-1,-1,-1,-1,-1,-1,-1,-1,-1,-1,,false,0,0
5998,Zerbin,Napoli,C,W,W,1,1,1,1,1,1,D,2,,N,N,0,4,0,0,0,0,5.62,-1,-1,-1,-1,-1,-1,-1,-1,-1,-1,-1,-1,,false,0,0
6106,Carboni V.,Monza,C,T;A,T,1,2,1,2,4,3,D,4,,N,N,0,0,0,0,0,0,0,-1,-1,-1,-1,-1,-1,-1,-1,-1,-1,-1,-1,,false,0,0
6168,Faticanti,Lecce,C,M;C,M,1,1,1,1,6,6,D,4,,N,N,0,0,0,0,0,0,0,-1,-1,-1,-1,-1,-1,-1,-1,-1,-1,-1,-1,,false,0,0
6170,Gineitis,Torino,C,C,C,1,1,1,1,1,1,F,2,,N,N,0,2,0,0,0,0,5.5,-1,-1,-1,-1,-1,-1,-1,-1,-1,-1,-1,-1,,false,0,0
6203,Belardinelli,Empoli,C,M;C,M,1,2,1,2,3,3,D,2,,N,N,0,-1,-1,-1,-1,-1,-1,-1,-1,-1,-1,-1,-1,-1,-1,-1,-1,-1,-1,,false,0,0
6225,El Azzouzi,Bologna,C,M;C,M,1,1,1,1,2,2,F,2,,N,N,0,-1,-1,-1,-1,-1,-1,-1,-1,-1,-1,-1,-1,-1,-1,-1,-1,-1,-1,,false,0,0
6246,Lipani,Sassuolo,C,M;C,M,1,1,1,1,1,1,F,2,,N,N,0,-1,-1,-1,-1,-1,-1,-1,-1,-1,-1,-1,-1,-1,-1,-1,-1,-1,-1,,false,0,0
6254,Joselito,Verona,C,M;C,M,1,1,1,1,1,1,F,2,,N,N,0,-1,-1,-1,-1,-1,-1,-1,-1,-1,-1,-1,-1,-1,-1,-1,-1,-1,-1,,false,0,0
6420,Pagano,Roma,C,C;T,C,1,1,1,1,1,1,F,3,,N,N,0,-1,-1,-1,-1,-1,-1,-1,-1,-1,-1,-1,-1,-1,-1,-1,-1,-1,-1,,false,0,0
6423,Legowski,Salernitana,C,M;C,M,1,1,1,1,1,1,F,3,,N,N,0,-1,-1,-1,-1,-1,-1,-1,-1,-1,-1,-1,-1,-1,-1,-1,-1,-1,-1,,false,0,0
6424,Prati,Cagliari,C,M;C,M,1,2,2,3,4,5,F,5,,N,N,0,-1,-1,-1,-1,-1,-1,-1,-1,-1,-1,-1,-1,-1,-1,-1,-1,-1,-1,,false,0,0
4661,Osimhen,Napoli,A,Pc,Pc,44,43,44,43,442,438,A,10,,Y,N,0,32,26,4,2,1,9.14,27,14,2,0,0,7.98,24,10,2,0,0,7.58,,false,120,0
2764,Martinez L.,Inter,A,Pc,Pc,40,37,40,37,436,436,A-,10,,Y,N,0,37,21,6,1,1,8.16,33,21,3,3,3,8.02,38,17,5,2,0,7.87,,false,115,0
4510,Rafael Leao,Milan,A,A,A,32,31,32,31,261,261,A,10,,N,N,0,34,15,7,0,0,7.9,34,11,10,0,0,7.84,29,6,6,0,0,6.78,,false,106,0
785,Immobile,Lazio,A,Pc,Pc,31,32,31,32,327,317,B,9,,Y,N,0,29,12,5,4,1,7.48,31,27,2,7,2,9.02,35,20,6,4,4,7.7,,false,142,0
531,Berardi,Sassuolo,A,A,A,30,30,30,30,259,260,A,10,,Y,Y,0,24,12,7,7,1,8.1,33,15,13,6,0,8.33,30,17,7,7,1,8.37,,false,41,0
2531,Lukaku,Roma,A,Pc,Pc,30,31,30,31,312,303,A-,10,,Y,N,0,25,10,6,2,0,7.66,0,0,0,0,0,0,35,24,9,6,0,8.89,,false,0,0
5839,Kvaratskhelia,Napoli,A,A,A,30,31,30,31,261,265,A,10,,Y,Y,0,34,12,10,2,0,7.96,-1,-1,-1,-1,-1,-1,-1,-1,-1,-1,-1,-1,,false,98,0
309,Dybala,Roma,A,A,A,28,30,28,30,286,292,A-,9,,Y,Y,0,25,12,6,5,0,8.24,28,10,5,1,1,7.45,19,4,3,0,0,6.89,,false,70,0
2841,Vlahovic,Juventus,A,Pc,Pc,28,28,28,28,360,350,A-,10,,Y,Y,0,25,10,1,2,1,7.16,36,24,3,5,1,8.35,37,21,2,6,0,8.01,,false,111,0
4200,Giroud,Milan,A,Pc,Pc,28,24,28,24,194,185,B,8,,Y,N,0,33,13,4,3,0,7.42,29,11,3,2,0,7.43,-1,-1,-1,-1,-1,-1,,false,70,0
2137,Scamacca,Atalanta,A,Pc,Pc,27,25,27,25,220,195,B,9,,Y,N,0,0,0,0,0,0,0,32,16,0,1,0,7.61,26,8,2,2,0,7.08,,false,0,0
5672,Dia,Salernitana,A,Pc,Pc,26,26,26,26,197,190,C,9,,Y,N,0,33,16,5,1,0,7.82,-1,-1,-1,-1,-1,-1,-1,-1,-1,-1,-1,-1,,false,4,0
4871,Thuram,Inter,A,Pc,Pc,25,23,25,23,180,185,B,9,,N,N,0,-1,-1,-1,-1,-1,-1,-1,-1,-1,-1,-1,-1,-1,-1,-1,-1,-1,-1,,false,0,0
4730,Lookman,Atalanta,A,A,A,24,26,24,26,155,165,A-,7,,Y,N,0,30,13,6,3,0,7.92,-1,-1,-1,-1,-1,-1,-1,-1,-1,-1,-1,-1,,false,1,0
479,Sanabria,Torino,A,Pc,Pc,23,24,23,24,71,60,B,8,,Y,N,20,31,12,4,1,0,7.52,25,6,1,0,0,6.88,14,5,1,0,0,7,,false,7,0
4268,Arnautovic,Inter,A,Pc,Pc,23,23,23,23,122,131,C,7,,Y,N,0,21,10,1,3,0,7.74,32,14,1,2,1,7.44,-1,-1,-1,-1,-1,-1,,false,53,0
6228,Retegui,Genoa,A,Pc,Pc,23,23,23,23,128,128,A-,10,,Y,N,0,-1,-1,-1,-1,-1,-1,-1,-1,-1,-1,-1,-1,-1,-1,-1,-1,-1,-1,,false,0,0
5336,Nzola,Fiorentina,A,Pc,Pc,22,23,22,23,81,80,B,7,,Y,N,0,31,13,2,3,0,7.39,16,2,1,0,0,6.28,25,11,3,4,0,7.56,,false,20,0
6060,Lauriente',Sassuolo,A,A,A,21,21,21,21,115,120,A-,10,,Y,N,0,28,7,6,1,0,7.18,-1,-1,-1,-1,-1,-1,-1,-1,-1,-1,-1,-1,,false,65,0
608,Zapata D.,Torino,A,Pc,Pc,19,19,19,19,180,170,B,9,,Y,N,0,24,2,2,0,0,6.27,24,10,4,3,0,7.73,37,15,9,1,0,7.88,,false,56,0
2002,Chiesa,Juventus,A,A,A,19,17,19,17,125,130,A-,8,,N,Y,0,21,2,5,0,0,6.6,14,2,2,0,0,6.79,30,9,5,0,0,7.43,,false,20,0
2012,Milik,Juventus,A,Pc,Pc,18,18,17,17,95,82,B,7,,Y,N,0,27,7,1,0,1,6.74,-1,-1,-1,-1,-1,-1,0,0,0,0,0,0,,false,50,0
4179,Gonzalez N.,Fiorentina,A,A,A,17,15,17,15,95,100,B,7,,Y,N,0,22,6,0,2,0,6.86,33,7,6,3,0,7.11,-1,-1,-1,-1,-1,-1,,false,20,0
6227,Okafor,Milan,A,Pc,Pc,16,16,15,15,60,54,C,6,,N,N,0,-1,-1,-1,-1,-1,-1,-1,-1,-1,-1,-1,-1,-1,-1,-1,-1,-1,-1,,false,0,0
6229,Toure' E.,Atalanta,A,Pc,Pc,15,16,14,15,45,45,A-,8,,N,N,90,-1,-1,-1,-1,-1,-1,-1,-1,-1,-1,-1,-1,-1,-1,-1,-1,-1,-1,,false,0,0
6409,Beltran L.,Fiorentina,A,Pc,Pc,15,16,15,16,61,60,C,6,,N,N,0,-1,-1,-1,-1,-1,-1,-1,-1,-1,-1,-1,-1,-1,-1,-1,-1,-1,-1,,false,0,0
1939,Lapadula,Cagliari,A,Pc,Pc,14,15,14,15,38,35,B,10,,Y,N,60,-1,-1,-1,-1,-1,-1,-1,-1,-1,-1,-1,-1,37,8,2,0,1,6.5,,false,0,0
1958,Caprari,Monza,A,A,A,14,14,14,14,48,50,C,7,,Y,Y,0,36,5,2,1,0,6.4,34,12,7,2,0,7.75,30,5,6,0,1,6.52,,false,3,0
2475,Sanchez,Inter,A,A,A,14,15,14,15,44,44,C,6,,N,N,0,0,0,0,0,0,0,22,5,2,0,0,6.91,25,7,6,0,1,7.34,,false,0,0
2544,Abraham,Roma,A,Pc,Pc,14,15,14,15,50,45,F,2,,N,N,140,34,8,3,0,0,6.96,37,17,4,3,0,7.62,-1,-1,-1,-1,-1,-1,,false,85,0
2819,Caputo,Empoli,A,Pc,Pc,14,15,14,15,52,48,D,8,,Y,N,0,36,6,3,2,0,6.44,38,11,4,0,1,6.88,24,11,4,3,0,7.65,,false,9,0
6145,Ngonge,Verona,A,A,A,14,12,14,12,50,52,B,9,,N,N,0,13,3,1,0,0,6.73,-1,-1,-1,-1,-1,-1,-1,-1,-1,-1,-1,-1,,false,0,0
507,Muriel,Atalanta,A,Pc,Pc,13,14,12,13,38,29,D,2,,N,Y,0,25,3,3,1,0,6.42,26,9,8,2,0,7.69,32,22,9,2,1,8.92,,false,12,0
2038,Pinamonti,Sassuolo,A,Pc,Pc,13,13,12,12,40,32,C,8,,Y,N,0,32,5,0,1,0,6.06,36,13,1,4,0,7.21,4,1,0,0,0,7,,false,45,0
2119,Deulofeu,Udinese,A,A,A,13,14,13,14,20,24,A,9,,Y,Y,40,15,2,5,0,0,7.07,34,13,5,1,0,7.68,12,1,1,0,0,6.33,,false,43,0
2438,Jovic,Milan,A,Pc,Pc,13,14,12,13,28,20,C,5,,N,N,0,27,6,2,0,1,6.56,-1,-1,-1,-1,-1,-1,-1,-1,-1,-1,-1,-1,,false,1,0
2719,Barrow,Bologna,A,A,A,13,14,13,14,11,11,D,1,,N,N,0,29,3,5,0,0,6.36,33,6,6,0,0,6.79,38,8,8,0,1,6.76,,false,0,0
5086,Zirkzee,Bologna,A,Pc,Pc,13,11,12,10,71,65,A-,9,,Y,N,0,18,2,2,0,0,6.44,-1,-1,-1,-1,-1,-1,3,0,0,0,0,5.5,,false,0,0
6435,Krstovic,Lecce,A,Pc,Pc,13,11,13,11,32,25,A,9,,N,N,0,-1,-1,-1,-1,-1,-1,-1,-1,-1,-1,-1,-1,-1,-1,-1,-1,-1,-1,,false,10,0
383,Petagna,Cagliari,A,Pc,Pc,12,13,12,13,32,27,C,8,,Y,N,0,31,4,5,1,0,6.56,13,3,1,0,0,6.77,16,4,3,0,0,7.09,,false,0,0
441,Belotti,Roma,A,Pc,Pc,12,9,11,8,52,45,D,4,,N,N,0,22,0,2,0,1,5.75,22,8,1,3,0,7.32,34,13,6,4,1,7.6,,false,1,0
2061,Simeone,Napoli,A,Pc,Pc,12,13,11,12,30,23,C,7,,N,N,0,12,4,1,0,0,7.33,35,17,4,0,1,7.54,29,6,1,0,0,6.34,,false,3,0
4436,Cambiaghi,Empoli,A,A,A,12,12,12,12,28,30,B,6,,Y,N,0,25,6,1,0,0,6.9,-1,-1,-1,-1,-1,-1,-1,-1,-1,-1,-1,-1,,false,0,0
5311,Shomurodov,Cagliari,A,Pc,Pc,12,13,12,13,22,20,F,6,,N,N,0,17,1,1,0,0,5.97,20,3,4,0,0,6.72,30,8,1,0,0,6.98,,false,0,0
5795,Azmoun,Roma,A,Pc,Pc,12,13,11,12,40,45,C,6,,N,N,0,-1,-1,-1,-1,-1,-1,-1,-1,-1,-1,-1,-1,-1,-1,-1,-1,-1,-1,,false,0,0
6226,Castellanos,Lazio,A,Pc,Pc,12,13,11,12,28,22,D,5,,N,N,0,-1,-1,-1,-1,-1,-1,-1,-1,-1,-1,-1,-1,-1,-1,-1,-1,-1,-1,,false,0,0
2369,Thauvin,Udinese,A,A,A,11,11,11,11,16,18,B,8,,Y,Y,0,11,0,0,0,0,5.68,-1,-1,-1,-1,-1,-1,-1,-1,-1,-1,-1,-1,,false,0,0
2489,Pedro,Lazio,A,A,A,11,12,11,12,18,18,C,5,,N,N,0,36,4,3,0,0,6.53,32,9,4,0,0,7.14,26,5,2,0,0,6.44,,false,20,0
4184,Brekalo,Fiorentina,A,W;A,W,11,11,13,13,17,17,C,5,,N,N,0,6,0,0,0,0,6,31,7,2,0,0,6.81,-1,-1,-1,-1,-1,-1,,false,0,0
5529,Henry,Verona,A,Pc,Pc,11,12,10,11,6,6,D,5,,N,N,45,15,2,0,0,0,6.17,32,9,2,0,0,6.69,-1,-1,-1,-1,-1,-1,,false,16,0
6205,Mulattieri,Sassuolo,A,Pc,Pc,11,11,10,10,22,20,F,3,,N,N,0,-1,-1,-1,-1,-1,-1,-1,-1,-1,-1,-1,-1,-1,-1,-1,-1,-1,-1,,false,0,0
6207,Almqvist,Lecce,A,A,A,11,10,11,10,26,30,D,6,,N,N,0,-1,-1,-1,-1,-1,-1,-1,-1,-1,-1,-1,-1,-1,-1,-1,-1,-1,-1,,false,0,0
6398,Isaksen,Lazio,A,A,A,11,12,11,12,21,21,B,3,,N,N,0,-1,-1,-1,-1,-1,-1,-1,-1,-1,-1,-1,-1,-1,-1,-1,-1,-1,-1,,false,0,0
6459,Karlsson,Bologna,A,A,A,11,11,11,11,25,25,B,7,,Y,N,0,-1,-1,-1,-1,-1,-1,-1,-1,-1,-1,-1,-1,-1,-1,-1,-1,-1,-1,,false,0,0
2097,Kean,Juventus,A,Pc,Pc,10,11,9,10,20,17,D,6,,N,N,0,23,6,0,0,0,6.52,25,5,2,0,0,6.56,-1,-1,-1,-1,-1,-1,,false,0,0
2325,Karamoh,Torino,A,A,A,10,10,10,10,6,6,D,6,,N,N,0,15,4,0,0,0,6.83,-1,-1,-1,-1,-1,-1,21,2,1,0,0,6.12,,false,0,0
5471,Djuric,Verona,A,Pc,Pc,10,9,9,8,10,8,D,9,,Y,N,0,24,1,0,0,0,6.06,32,5,4,1,0,6.55,-1,-1,-1,-1,-1,-1,,false,0,0
5637,Davis K.,Udinese,A,Pc,Pc,10,10,10,10,24,22,D,6,,N,N,30,-1,-1,-1,-1,-1,-1,-1,-1,-1,-1,-1,-1,-1,-1,-1,-1,-1,-1,,false,0,0
5882,Mota,Monza,A,A,A,10,11,10,11,16,18,D,7,,N,N,0,29,5,2,0,0,6.64,-1,-1,-1,-1,-1,-1,-1,-1,-1,-1,-1,-1,,false,0,0
6213,Brenner,Udinese,A,Pc,Pc,10,11,9,10,12,10,D,8,,N,N,150,-1,-1,-1,-1,-1,-1,-1,-1,-1,-1,-1,-1,-1,-1,-1,-1,-1,-1,,false,0,0
6439,Cheddira,Frosinone,A,Pc,Pc,10,11,10,11,28,22,C,9,,Y,N,0,-1,-1,-1,-1,-1,-1,-1,-1,-1,-1,-1,-1,-1,-1,-1,-1,-1,-1,,false,0,0
643,Defrel,Sassuolo,A,A,A,9,9,9,9,12,13,D,3,,N,N,0,25,2,1,0,0,5.96,30,2,2,0,0,6.08,28,3,2,0,0,6.3,,false,0,0
4371,Raspadori,Napoli,A,A,A,9,10,9,10,35,37,C,7,,N,N,0,23,2,2,0,0,6.22,36,10,4,0,0,6.89,20,6,0,0,0,7.15,,false,10,0
4923,Colombo,Monza,A,Pc,Pc,9,10,8,9,40,33,C,7,,Y,N,0,26,5,1,1,1,6.37,-1,-1,-1,-1,-1,-1,2,0,0,0,0,5.75,,false,0,0
5297,Luvumbo,Cagliari,A,A,A,9,8,9,8,9,9,C,7,,N,N,0,-1,-1,-1,-1,-1,-1,-1,-1,-1,-1,-1,-1,0,0,0,0,0,0,,false,0,0
6001,Banda,Lecce,A,A,A,9,8,9,8,12,12,C,9,,Y,N,0,32,2,1,0,0,6.17,-1,-1,-1,-1,-1,-1,-1,-1,-1,-1,-1,-1,,false,1,0
505,Bonazzoli,Verona,A,A,A,8,7,8,7,8,8,C,6,,Y,N,0,21,2,2,0,0,6.36,31,10,0,2,0,7.1,15,2,3,0,0,6.53,,false,0,0
2103,Pellegri,Torino,A,Pc,Pc,8,8,7,7,10,7,C,6,,N,N,0,11,2,1,0,0,6.5,10,1,0,0,0,6.15,-1,-1,-1,-1,-1,-1,,false,0,0
2762,Kouame',Fiorentina,A,A,A,8,9,8,9,8,9,C,5,,N,N,0,28,4,5,0,0,6.62,0,0,0,0,0,0,23,1,1,0,0,5.83,,false,1,0
4359,Piccoli,Lecce,A,Pc,Pc,7,7,6,6,8,7,D,5,,N,N,0,16,2,0,0,0,6.22,8,1,0,0,0,6.06,14,5,0,0,0,7.14,,false,0,0
5676,Success,Udinese,A,A,A,7,7,7,7,9,9,C,7,,N,N,0,30,1,6,0,0,6.17,19,2,6,0,0,6.82,-1,-1,-1,-1,-1,-1,,false,0,0
5842,Botheim,Salernitana,A,Pc,Pc,7,8,6,7,10,8,D,6,,Y,N,0,17,1,3,0,0,6.15,-1,-1,-1,-1,-1,-1,-1,-1,-1,-1,-1,-1,,false,1,0
6215,Lucca,Udinese,A,Pc,Pc,7,6,6,5,20,15,C,6,,N,N,0,-1,-1,-1,-1,-1,-1,-1,-1,-1,-1,-1,-1,-1,-1,-1,-1,-1,-1,,false,0,0
5364,Caso,Frosinone,A,A,A,6,6,6,6,12,12,B,8,,N,Y,0,-1,-1,-1,-1,-1,-1,-1,-1,-1,-1,-1,-1,-1,-1,-1,-1,-1,-1,,false,0,0
5500,Cancellieri,Empoli,A,A,A,5,5,5,5,8,8,C,9,,N,N,0,6,0,0,0,0,5.83,5,1,0,0,0,6.6,-1,-1,-1,-1,-1,-1,,false,0,0
5807,Jovane,Salernitana,A,A,A,5,5,5,5,8,8,D,3,,N,N,0,-1,-1,-1,-1,-1,-1,3,1,0,0,0,6.83,-1,-1,-1,-1,-1,-1,,false,0,0
247,Pavoletti,Cagliari,A,Pc,Pc,4,4,3,3,6,4,C,5,,Y,N,5,-1,-1,-1,-1,-1,-1,28,5,1,0,0,6.32,22,4,3,0,0,6.5,,false,0,0
5734,Soule',Frosinone,A,W;A,W,4,4,5,5,14,14,C,9,,N,N,0,7,1,0,0,0,6.57,-1,-1,-1,-1,-1,-1,-1,-1,-1,-1,-1,-1,,false,0,0
5845,Alvarez A.,Sassuolo,A,Pc,Pc,4,5,3,4,5,4,F,3,,N,N,90,10,1,1,0,0,6.35,-1,-1,-1,-1,-1,-1,-1,-1,-1,-1,-1,-1,,false,1,0
6214,Cuni,Frosinone,A,Pc,Pc,4,4,3,3,5,5,F,4,,N,N,0,-1,-1,-1,-1,-1,-1,-1,-1,-1,-1,-1,-1,-1,-1,-1,-1,-1,-1,,false,0,0
5506,Ekuban,Genoa,A,A,A,3,1,3,1,2,2,D,3,,N,N,0,-1,-1,-1,-1,-1,-1,29,1,2,0,0,5.84,-1,-1,-1,-1,-1,-1,,false,0,0
5806,Seck,Torino,A,A,A,3,3,3,3,3,3,D,2,,N,N,0,9,0,0,0,0,6.06,3,0,0,0,0,6,-1,-1,-1,-1,-1,-1,,false,0,0
6204,Kvernadze,Frosinone,A,A,A,3,3,3,3,6,6,D,4,,N,N,0,-1,-1,-1,-1,-1,-1,-1,-1,-1,-1,-1,-1,-1,-1,-1,-1,-1,-1,,false,0,0
472,Destro,Empoli,A,Pc,Pc,2,1,2,1,1,1,D,5,,N,N,0,10,1,0,0,0,5.9,27,9,1,0,0,6.98,25,11,1,0,0,7.42,,false,0,0
5446,Van Hooijdonk,Bologna,A,Pc,Pc,2,3,2,3,5,5,D,1,,N,N,0,-1,-1,-1,-1,-1,-1,1,0,0,0,0,6,-1,-1,-1,-1,-1,-1,,false,0,0
5776,Ceide,Sassuolo,A,A,A,2,1,2,1,1,1,F,3,,N,N,0,14,0,1,0,0,5.96,1,0,0,0,0,5.5,-1,-1,-1,-1,-1,-1,,false,0,0
6250,Maric,Monza,A,Pc,Pc,2,1,2,1,1,1,D,4,,N,N,0,-1,-1,-1,-1,-1,-1,-1,-1,-1,-1,-1,-1,-1,-1,-1,-1,-1,-1,,false,0,0
6395,Shpendi S.,Empoli,A,Pc,Pc,2,1,2,1,1,1,C,4,,N,N,0,-1,-1,-1,-1,-1,-1,-1,-1,-1,-1,-1,-1,-1,-1,-1,-1,-1,-1,,false,0,0
6425,Ikwuemesi,Salernitana,A,Pc,Pc,2,1,2,1,2,2,F,3,,N,N,0,-1,-1,-1,-1,-1,-1,-1,-1,-1,-1,-1,-1,-1,-1,-1,-1,-1,-1,,false,0,0
281,Puscas,Genoa,A,Pc,Pc,1,2,1,1,2,1,F,5,,N,N,0,-1,-1,-1,-1,-1,-1,-1,-1,-1,-1,-1,-1,-1,-1,-1,-1,-1,-1,,false,0,0
5060,Ake' M.,Udinese,A,A,A,1,1,1,1,2,2,F,4,,N,N,0,-1,-1,-1,-1,-1,-1,2,0,0,0,0,5.75,0,0,0,0,0,0,,false,0,0
5391,Kokorin,Fiorentina,A,Pc,Pc,1,1,1,1,1,1,F,3,,N,N,0,0,0,0,0,0,0,2,0,0,0,0,6,4,0,0,0,0,5.62,,false,0,0
5395,Braaf,Verona,A,A,A,1,1,1,1,1,1,F,2,,N,N,10,6,0,0,0,0,5.5,-1,-1,-1,-1,-1,-1,3,1,0,0,0,7.17,,false,0,0
5439,Kallon,Verona,A,A,A,1,2,1,2,2,2,F,2,,N,N,0,22,1,1,0,0,6,13,0,1,0,0,5.85,1,0,0,0,0,6.5,,false,0,0
5505,Kaio Jorge,Frosinone,A,Pc,Pc,1,1,1,1,9,8,F,5,,N,N,0,0,0,0,0,0,0,-1,-1,-1,-1,-1,-1,-1,-1,-1,-1,-1,-1,,false,0,0
5843,Valencia D.,Salernitana,A,A,A,1,1,1,1,1,1,F,3,,N,N,0,6,0,0,0,0,5.58,-1,-1,-1,-1,-1,-1,-1,-1,-1,-1,-1,-1,,false,0,0
6011,Ekong,Empoli,A,A,A,1,1,1,1,1,1,F,1,,N,N,0,-1,-1,-1,-1,-1,-1,-1,-1,-1,-1,-1,-1,-1,-1,-1,-1,-1,-1,,false,0,0
6160,Vivaldo,Udinese,A,Pc,Pc,1,1,1,1,1,1,F,2,,N,N,30,1,0,0,0,0,6,-1,-1,-1,-1,-1,-1,-1,-1,-1,-1,-1,-1,,false,0,0
6242,Bidaoui,Frosinone,A,A,A,1,1,1,1,1,1,F,2,,N,N,0,-1,-1,-1,-1,-1,-1,-1,-1,-1,-1,-1,-1,-1,-1,-1,-1,-1,-1,,false,0,0
6247,Yalcin,Genoa,A,Pc,Pc,1,1,1,1,1,1,F,3,,N,N,0,-1,-1,-1,-1,-1,-1,-1,-1,-1,-1,-1,-1,-1,-1,-1,-1,-1,-1,,false,0,0
6418,Burnete,Lecce,A,Pc,Pc,1,1,1,1,2,2,F,4,,N,N,0,-1,-1,-1,-1,-1,-1,-1,-1,-1,-1,-1,-1,-1,-1,-1,-1,-1,-1,,false,0,0
6419,Corfitzen,Lecce,A,A,A,1,1,1,1,1,1,F,4,,N,N,0,-1,-1,-1,-1,-1,-1,-1,-1,-1,-1,-1,-1,-1,-1,-1,-1,-1,-1,,false,0,0
6427,Stewart,Salernitana,A,Pc,Pc,1,1,1,1,1,1,F,3,,N,N,0,-1,-1,-1,-1,-1,-1,-1,-1,-1,-1,-1,-1,-1,-1,-1,-1,-1,-1,,false,0,0
6434,Yildiz,Juventus,A,A,A,1,1,1,1,1,1,F,3,,N,N,0,-1,-1,-1,-1,-1,-1,-1,-1,-1,-1,-1,-1,-1,-1,-1,-1,-1,-1,,false,0,0
6435,Pereyra,Udinese,C,W;T,W;T,1,1,1,1,42,55,B,8,,Y,N,0,34,5,6,0,1,6.69,23,3,5,1,1,6.41,34,5,5,1,0,6.76,,false,10,0
6436,Sansone,Lecce,A,A,A,1,1,1,1,12,12,C,6,,N,N,0,15,4,2,0,0,7.13,23,2,3,0,0,6.28,23,2,2,0,0,6.22,,false,0,0
