id,ruolo_classic,role_1_mantra,role_2_mantra,role_3_mantra,name,team,curr_value_classic,base_value_classic,curr_value_mantra,base_value_mantra,value_classic_1000,value_mantra_1000,rating,first_team,penalty_taker,free_kick_taker,injured,notes
572,P,Por,,,Meret,Napoli,17,17,17,17,80,80,A-,Y,N,N,0,
4312,P,Por,,,Maignan,Milan,17,17,17,17,89,89,A,Y,N,N,0,
453,P,Por,,,Szczesny,Juventus,16,15,16,15,71,71,A-,Y,N,N,0,
2428,P,Por,,,Sommer,Inter,15,15,15,15,67,67,C,Y,N,N,0,
2814,P,Por,,,Provedel,Lazio,15,16,15,16,65,65,A-,Y,N,N,0,
4270,P,Por,,,Rui Patricio,Roma,14,14,14,14,56,56,B,Y,N,N,0,
5876,P,Por,,,Di Gregorio,Monza,12,12,12,12,37,37,C,Y,N,N,0,
2170,P,Por,,,Milinkovic-Savic V.,Torino,11,10,11,10,31,31,B,Y,N,N,0,
4431,P,Por,,,Carnesecchi,Atalanta,11,11,11,11,28,28,B,Y,N,N,0,
133,P,Por,,,Skorupski,Bologna,10,10,10,10,32,32,F,Y,N,N,0,
2815,P,Por,,,Terracciano,Fiorentina,10,10,10,10,31,31,B,Y,N,N,0,
3,P,Por,,,Radunovic,Cagliari,9,8,9,8,16,16,D,Y,N,N,0,
2134,P,Por,,,Falcone,Lecce,9,8,9,8,22,22,D,Y,N,N,0,
6120,P,Por,,,Ochoa,Salernitana,9,9,9,9,30,30,C,Y,N,N,0,
2211,P,Por,,,Silvestri,Udinese,8,9,8,9,31,31,B,Y,N,N,0,
4957,P,Por,,,Montipo',Verona,8,7,8,7,13,13,D,Y,N,N,0,
4360,P,Por,,,Caprile,Empoli,7,7,7,7,14,14,D,Y,N,N,0,
5116,P,Por,,,Martinez Jo.,Genoa,7,8,7,8,11,11,D,N,N,N,0,
509,P,Por,,,Consigli,Sassuolo,5,5,5,5,15,15,C,Y,N,N,0,
2178,P,Por,,,Cragno,Sassuolo,4,4,4,4,8,8,C,Y,N,N,0,
2792,P,Por,,,Musso,Atalanta,4,3,4,3,17,17,B,Y,N,N,0,
4867,P,Por,,,Turati,Frosinone,4,5,4,5,6,6,D,Y,N,N,0,
6403,P,Por,,,Christensen O.,Fiorentina,3,3,3,3,5,5,D,N,N,N,0,
673,P,Por,,,Perisan,Empoli,2,2,2,2,3,3,D,N,N,N,0,
4,P,Por,,,Sportiello,Milan,1,1,1,1,1,1,D,N,N,N,0,
41,P,Por,,,Mirante,Milan,1,1,1,1,1,1,D,N,N,N,0,
159,P,Por,,,Sepe,Salernitana,1,1,1,1,1,1,D,N,N,N,0,
188,P,Por,,,Leali,Genoa,1,1,1,1,1,1,D,N,N,N,0,
217,P,Por,,,Lamanna,Monza,1,1,1,1,1,1,D,N,N,N,0,
218,P,Por,,,Perin,Juventus,1,1,1,1,5,5,D,N,N,N,0,
219,P,Por,,,Sommariva,Genoa,1,1,1,1,1,1,D,N,N,N,0,
510,P,Por,,,Pegolo,Sassuolo,1,1,1,1,1,1,D,N,N,N,0,
511,P,Por,,,Perilli,Verona,1,1,1,1,1,1,D,N,N,N,0,
543,P,Por,,,Padelli,Udinese,1,1,1,1,1,1,D,N,N,N,10,
574,P,Por,,,Scuffet,Cagliari,1,1,1,1,1,1,D,N,N,N,0,
610,P,Por,,,Gollini,Napoli,1,1,1,1,1,1,D,N,N,N,0,
761,P,Por,,,Audero,Inter,1,1,1,1,1,1,D,N,N,N,0,
1926,P,Por,,,Di Gennaro,Inter,1,1,1,1,1,1,D,N,N,N,0,
1930,P,Por,,,Pinsoglio,Juventus,1,1,1,1,1,1,D,N,N,N,0,
1946,P,Por,,,Aresti,Cagliari,1,1,1,1,1,1,D,N,N,N,0,
1947,P,Por,,,Fiorillo,Salernitana,1,1,1,1,1,1,D,N,N,N,0,
2294,P,Por,,,Cerofolini,Frosinone,1,1,1,1,1,1,D,N,N,N,0,
2297,P,Por,,,Rossi F.,Atalanta,1,1,1,1,1,1,D,N,N,N,0,
2338,P,Por,,,Costil,Salernitana,1,1,1,1,1,1,D,N,N,N,0,
2722,P,Por,,,Ravaglia F.,Bologna,1,1,1,1,1,1,D,N,N,N,0,
2845,P,Por,,,Contini,Napoli,1,1,1,1,1,1,D,N,N,N,0,
4351,P,Por,,,Brancolini,Lecce,1,1,1,1,1,1,D,N,N,N,0,
4491,P,Por,,,Berardi A.,Verona,1,1,1,1,1,1,D,N,N,N,0,
4525,P,Por,,,Gemello,Torino,1,1,1,1,1,1,D,N,N,N,0,
5304,P,Por,,,Boer,Roma,1,1,1,1,1,1,D,N,N,N,0,
5502,P,Por,,,Adamonis,Lazio,1,1,1,1,1,1,D,N,N,N,0,
5707,P,Por,,,Piana,Udinese,1,1,1,1,1,1,D,N,N,N,0,
5822,P,Por,,,Bagnolini,Bologna,1,1,1,1,1,1,D,N,N,N,0,
5841,P,Por,,,Svilar,Roma,1,1,1,1,1,1,D,N,N,N,0,
5853,P,Por,,,Sorrentino A.,Monza,1,1,1,1,1,1,D,N,N,N,0,
6184,P,Por,,,Martinelli T.,Fiorentina,1,1,1,1,1,1,D,N,N,N,0,
6210,P,Por,,,Popa,Torino,1,1,1,1,1,1,D,N,N,N,0,
6234,P,Por,,,Stubljar,Empoli,1,1,1,1,1,1,D,N,N,N,0,
6255,P,Por,,,Gori,Monza,1,1,1,1,1,1,D,N,N,N,0,
6406,P,Por,,,Borbei,Lecce,1,1,1,1,1,1,D,N,N,N,0,
6415,P,Por,,,Palmisani,Frosinone,1,1,1,1,1,1,D,N,N,N,0,
254,D,E,,,Dimarco,Inter,19,19,18,18,81,72,A,Y,N,Y,0,
2816,D,Dd,E,,Di Lorenzo,Napoli,19,18,19,18,81,81,A,Y,N,N,0,Gioca Punta
4292,D,Ds,E,,Hernandez T.,Milan,17,17,17,17,81,81,A,Y,Y,Y,0,
5877,D,E,,,Carlos Augusto,Inter,17,17,17,17,42,30,B,Y,N,N,0,
6066,D,Dd,Dc,,Posch,Bologna,16,16,18,18,53,56,A-,Y,N,N,0,
554,D,E,,,Zappacosta,Atalanta,15,15,14,14,48,42,A-,Y,N,N,0,
4237,D,Dd,Ds,Dc,Danilo,Juventus,15,15,18,18,44,58,A,Y,N,N,0,
4245,D,Dc,,,Smalling,Roma,15,15,15,15,50,55,B,Y,N,N,0,
4409,D,Dc,,,Rrahmani,Napoli,14,14,14,14,44,44,A-,Y,N,N,0,
6041,D,Dc,,,Schuurs,Torino,14,14,14,14,46,46,A,Y,N,N,0,
460,D,Dc,,,Romagnoli,Lazio,13,13,13,13,36,36,B,Y,N,N,0,
2120,D,Dc,,,Bastoni,Inter,13,13,13,13,43,43,A-,Y,N,N,0,
2788,D,Dc,,,Bremer,Juventus,13,13,13,13,48,48,B,Y,N,N,0,
4751,D,Dc,,,Tomori,Milan,13,13,13,13,43,43,B,Y,N,N,0,
5513,D,E,,,Dumfries,Inter,13,12,12,11,47,39,B,Y,N,N,0,
5067,D,E,,,Bakker,Atalanta,12,12,11,11,36,30,C,Y,N,N,0,
5481,D,Dd,Ds,E,Mazzocchi,Salernitana,12,12,14,14,37,41,B,Y,N,N,0,
252,D,Ds,E,,Biraghi,Fiorentina,11,10,11,10,24,24,A-,Y,N,Y,0,
513,D,Dc,,,Acerbi,Inter,11,11,11,11,32,32,B,Y,N,N,15,
2296,D,Dc,,,Mancini,Roma,11,11,11,11,26,26,B,Y,N,N,0,
2525,D,Dd,Dc,,Darmian,Inter,11,11,13,13,23,27,B,Y,N,N,0,
2724,D,Dc,,,Buongiorno,Torino,11,11,11,11,23,23,B,Y,N,N,0,
5480,D,Dd,E,,Ebuehi,Empoli,11,11,11,11,17,17,C,Y,N,N,0,
5851,D,Ds,E,,Doig,Verona,11,11,11,11,20,20,B,Y,N,N,0,
142,D,Ds,E,,Mario Rui,Napoli,10,10,10,10,24,24,D,Y,N,Y,0,
1852,D,E,,,Spinazzola,Roma,10,10,9,9,26,22,B,Y,N,N,0,
2164,D,Dc,,,Milenkovic,Fiorentina,10,10,10,10,25,25,B,Y,N,N,0,
5498,D,Dc,,,Casale,Lazio,10,10,10,10,24,24,C,Y,N,N,0,
5835,D,Dd,Dc,,Baschirotto,Lecce,10,10,11,11,33,35,B,Y,N,N,0,
6055,D,Dc,,,Thiaw,Milan,10,10,10,10,27,27,A-,Y,N,N,0,
357,D,Dd,E,,Calabria,Milan,9,9,9,9,22,22,B,Y,N,N,0,
581,D,Dd,E,,Faraoni,Verona,9,9,9,9,18,18,B,Y,N,N,0,
695,D,Dc,,,Toloi,Atalanta,9,9,9,9,19,19,C,Y,N,N,0,
697,D,E,,,Cuadrado,Inter,9,9,8,8,34,28,C,Y,N,N,0,
2640,D,Ds,Dc,,Kolasinac,Atalanta,9,9,10,10,20,23,A-,Y,N,N,0,
4317,D,Dc,,,N'dicka,Roma,9,9,9,9,24,24,B,Y,N,N,0,
4530,D,Ds,E,,Kyriakopoulos,Monza,9,9,9,9,15,15,D,N,N,N,0,
4904,D,Dc,,,Mari',Monza,9,9,9,9,18,18,C,Y,N,N,0,
5526,D,Dc,,,Scalvini,Atalanta,9,9,9,9,30,30,A-,Y,N,N,0,
5677,D,Dc,,,Perez N.,Udinese,9,9,9,9,12,12,B,Y,N,N,0,
5847,D,Dc,,,Bijol,Udinese,9,9,9,9,21,21,C,Y,N,N,0,
6220,D,Dd,E,,Kristensen,Roma,9,9,9,9,15,15,C,Y,N,N,0,
6396,D,Dc,,,Natan,Napoli,9,9,9,9,22,22,A-,Y,N,N,0,
226,D,Dc,,,Izzo,Monza,8,8,8,8,18,18,C,Y,N,N,0,
393,D,Dc,,,Luperto,Empoli,8,8,8,8,10,10,D,Y,N,N,0,
2169,D,Ds,Dc,,Rodriguez R.,Torino,8,8,9,9,10,12,C,Y,N,N,0,
2593,D,Ds,E,,Martin,Genoa,8,8,8,8,20,20,C,Y,N,N,0,
4210,D,Dc,,,Mina,Fiorentina,8,8,8,8,18,18,C,Y,N,N,0,
4887,D,Dd,E,,Bellanova,Torino,8,8,8,8,25,26,C,Y,N,N,0,
5449,D,Ds,E,,Parisi,Fiorentina,8,8,8,8,20,20,B,Y,N,N,0,
5532,D,Ds,E,,Bradaric,Salernitana,8,7,8,7,11,11,D,Y,N,Y,0,
5885,D,Dd,E,,Dodo',Fiorentina,8,8,8,8,22,22,B,Y,N,N,0,
6046,D,Dc,,,Hien,Verona,8,8,8,8,17,17,C,Y,N,N,0,
140,D,Dd,Ds,E,Hysaj,Lazio,7,7,8,8,16,18,D,Y,N,N,0,
253,D,Dd,Ds,Dc,D'ambrosio,Monza,7,7,9,9,15,18,C,Y,N,N,0,
322,D,Dc,,,De Vrij,Inter,7,6,7,6,13,13,C,Y,N,N,0,
787,D,Dc,,,Djimsiti,Atalanta,7,7,7,7,12,12,C,Y,N,N,0,
2130,D,E,,,Hateboer,Atalanta,7,7,6,6,14,10,D,N,N,N,30,
2181,D,Dc,,,Palomino,Atalanta,7,7,7,7,13,13,C,N,N,N,0,
2188,D,Dd,Ds,E,Marusic,Lazio,7,7,8,8,18,22,C,Y,N,N,0,
4958,D,Ds,Dc,,Caldirola,Monza,7,7,8,8,10,12,D,Y,N,N,0,
4976,D,Dd,Dc,,Kalulu,Milan,7,7,8,8,15,17,B,N,N,N,0,
5239,D,Dc,,,Llorente D.,Roma,7,6,7,6,16,16,D,N,N,N,0,
5718,D,Dc,,,Viti,Sassuolo,7,6,7,6,7,7,D,Y,N,N,0,
5840,D,Ds,E,,Olivera,Napoli,7,7,7,7,20,20,C,Y,N,N,0,
6042,D,Dc,,,Lucumi',Bologna,7,7,7,7,16,16,C,Y,N,N,0,
6426,D,Dd,E,,Pedersen,Sassuolo,7,7,7,7,10,10,D,Y,N,N,0,
49,D,Ds,Dc,,Masina,Udinese,6,6,7,7,7,8,C,Y,N,N,15,
662,D,Ds,Dc,,Alex Sandro,Juventus,6,6,7,7,10,12,C,Y,N,N,0,
2263,D,Dd,E,,Lazzari,Lazio,6,5,6,5,13,13,D,N,N,N,0,
2869,D,Dc,,,Djidji,Torino,6,6,6,6,7,7,C,Y,N,N,0,
4426,D,Dd,E,,Toljan,Sassuolo,6,6,6,6,9,9,C,Y,N,N,0,
4461,D,Dd,E,,Zappa,Cagliari,6,6,6,6,12,12,C,Y,N,N,0,
4502,D,Ds,E,,Gallo,Lecce,6,5,6,5,6,6,D,Y,N,N,0,
4982,D,Dc,,,Erlic,Sassuolo,6,5,6,5,10,10,C,Y,N,N,0,
4994,D,E,,,Vojvoda,Torino,6,6,5,5,16,12,C,Y,N,N,0,
5323,D,Dc,,,Martinez Quarta,Fiorentina,6,6,6,6,7,7,B,Y,N,N,0,
5365,D,Dd,Dc,,Dragusin,Genoa,6,6,7,7,9,10,D,Y,N,N,0,
5520,D,Dd,Ds,E,Cambiaso,Juventus,6,5,7,6,14,20,C,Y,N,N,0,
5555,D,Ds,E,,Kamara H.,Udinese,6,6,6,6,10,10,D,N,N,N,0,
5831,D,Dc,,,Gatti,Juventus,6,6,6,6,18,18,B,Y,N,N,0,
5867,D,Dd,E,,Gendrey,Lecce,6,6,6,6,8,9,D,Y,N,N,0,
6202,D,Dc,,,Beukema,Bologna,6,6,6,6,14,14,C,Y,N,N,0,
6230,D,Dc,,,Dossena,Cagliari,6,6,6,6,7,7,D,Y,N,N,0,
76,D,Dc,,,Romagnoli S.,Frosinone,5,5,5,5,6,6,D,N,N,N,0,
256,D,Ds,Dc,,Juan Jesus,Napoli,5,5,6,6,14,15,C,Y,N,N,0,
327,D,Dd,Dc,,Patric,Lazio,5,5,6,6,5,6,D,N,N,N,0,
660,D,Dc,,,Gyomber,Salernitana,5,6,5,6,7,7,D,Y,N,N,0,
770,D,Ds,E,,Pezzella Giu.,Empoli,5,5,5,5,8,8,D,N,N,N,0,
2083,D,Dd,Dc,,Biraschi,Genoa,5,3,6,4,3,4,D,N,N,N,0,
2252,D,Ds,Dc,,Marchizza,Frosinone,5,5,6,6,5,7,C,Y,N,N,0,
2653,D,Ds,E,,Lykogiannis,Bologna,5,5,5,5,8,8,D,Y,N,Y,0,
4263,D,Dc,,,Kabasele,Udinese,5,5,5,5,5,5,D,Y,N,N,0,
4378,D,Ds,Dc,,Ranieri L.,Fiorentina,5,5,6,6,8,9,D,N,N,N,0,
4421,D,Ds,E,,Augello,Cagliari,5,5,5,5,10,10,D,Y,N,N,0,
4433,D,Dd,Ds,E,Zortea,Atalanta,5,3,6,4,4,5,D,N,N,N,0,
4897,D,Dc,,,Pirola,Salernitana,5,5,5,5,10,10,D,Y,N,N,10,
5010,D,Dc,,,Ismajli,Empoli,5,5,5,5,9,9,D,N,N,N,0,
5603,D,Dc,,,Pongracic,Lecce,5,5,5,5,6,6,D,Y,N,N,0,
5701,D,Dc,,,Obert,Cagliari,5,5,5,5,6,6,D,Y,N,N,0,
5747,D,Dc,,,Tressoldi,Sassuolo,5,5,5,5,7,7,D,Y,N,N,0,
5838,D,Dd,Ds,E,Birindelli,Monza,5,5,6,6,5,6,D,Y,N,N,0,
6047,D,Dd,E,,Ehizibue,Udinese,5,5,5,5,6,6,D,Y,N,N,90,
6211,D,Ds,E,,Zemura,Udinese,5,5,5,5,7,7,D,Y,N,N,0,
6231,D,Ds,E,,Azzi,Cagliari,5,5,5,5,12,14,C,N,N,N,0,
6245,D,Dd,Dc,,Vogliacco,Genoa,5,5,6,6,6,7,D,Y,N,N,10,
286,D,Dc,,,Bonucci,Juventus,4,4,4,4,5,5,D,N,N,N,0,
791,D,Dd,Ds,E,Sabelli,Genoa,4,4,5,5,6,8,D,Y,N,N,0,
1895,D,Dc,,,Ferrari G.,Sassuolo,4,4,4,4,10,10,D,N,N,N,0,
2174,D,Dd,Ds,E,Venuti,Lecce,4,4,5,5,5,7,D,N,N,N,40,
2633,D,Dc,,,Kjaer,Milan,4,4,4,4,8,8,D,N,N,N,0,
2728,D,Ds,E,,Pellegrini Lu.,Lazio,4,4,4,4,8,8,D,N,N,N,0,
2758,D,Dc,,,Gunter,Verona,4,4,4,4,4,4,D,N,N,N,0,
4385,D,E,,,Lazaro,Inter,4,4,4,4,8,8,D,N,N,N,0,
4493,D,Dc,,,Dawidowicz,Verona,4,4,4,4,5,5,D,Y,N,N,0,
4891,D,Dc,,,Soumaoro,Bologna,4,4,4,4,5,5,D,N,N,N,120,
4934,D,Dc,,,Lovato,Salernitana,4,4,4,4,6,6,C,Y,N,N,0,
5354,D,Ds,E,,Ruggeri,Atalanta,4,3,5,4,4,4,D,N,N,N,0,
5509,D,Ds,E,,Vina,Sassuolo,4,4,4,4,6,6,D,N,N,N,0,
5514,D,Ds,Dc,,Vasquez,Genoa,4,4,5,5,4,5,D,N,N,N,0,
5527,D,Dd,E,,Zanoli,Napoli,4,4,4,4,6,6,D,N,N,N,0,
5691,D,Dc,,,Zima,Torino,4,3,4,3,4,4,D,Y,N,N,0,
5750,D,Dc,,,Ostigard,Napoli,4,4,4,4,9,9,C,Y,N,N,0,
5812,D,Dd,E,,Terracciano F.,Verona,4,3,4,3,5,5,D,N,N,N,0,
5848,D,Dd,E,,Ebosele,Udinese,4,4,4,4,6,6,C,Y,N,N,0,
5856,D,Dd,E,,Sambia,Salernitana,4,4,4,4,5,5,D,N,N,N,0,
6217,D,Dc,,,Bisseck,Inter,4,4,4,4,6,6,D,N,N,N,0,
294,D,Dc,,,Rugani,Juventus,3,3,3,3,6,6,D,N,N,N,0,
358,D,Dd,Ds,E,De Sciglio,Juventus,3,3,3,3,6,6,D,N,N,N,90,
418,D,Dc,,,Goldaniga,Cagliari,3,3,3,3,3,3,D,N,N,N,0,
464,D,Dd,Ds,E,Florenzi,Milan,3,3,4,4,5,7,D,N,N,N,0,
2016,D,Dc,,,Fazio,Salernitana,3,2,3,2,2,2,D,N,N,N,0,
2104,D,Dd,E,,Bereszynski,Empoli,3,3,3,3,4,4,D,N,N,N,0,
2180,D,Dd,E,,Karsdorp,Roma,3,2,3,2,2,2,D,N,N,N,0,
2192,D,Dc,,,Bonifazi,Bologna,3,3,3,3,3,3,D,N,N,N,0,
2285,D,Dc,,,Bani,Genoa,3,3,3,3,5,5,D,Y,N,N,0,
2769,D,Dc,,,Magnani,Verona,3,3,3,3,4,4,D,Y,N,N,0,
4374,D,Dc,,,Walukiewicz,Empoli,3,3,3,3,4,4,D,Y,N,N,5,
4495,D,Dc,,,Kumbulla,Roma,3,3,3,3,3,3,D,N,N,N,90,
4657,D,Dd,E,,Celik,Roma,3,3,3,3,5,5,D,N,N,N,0,
4925,D,Ds,Dc,,Carboni A.,Monza,3,3,4,4,3,4,D,N,N,N,0,
5316,D,Ds,Dc,,Amione,Verona,3,3,4,4,5,6,D,N,N,N,0,
5406,D,Dd,E,,Di Pardo,Cagliari,3,2,3,2,3,3,D,N,N,N,0,
5447,D,Dc,,,Altare,Cagliari,3,3,3,3,4,4,D,N,N,N,0,
5554,D,Dd,Dc,,Daniliuc,Salernitana,3,3,3,3,4,5,D,Y,N,N,60,
5739,D,Dd,Dc,,De Winter,Genoa,3,3,3,3,6,8,D,N,N,N,0,
5748,D,Dd,E,,Hefti,Genoa,3,3,3,3,4,4,D,Y,N,N,0,
5757,D,Dc,,,Cittadini,Monza,3,3,3,3,4,4,D,Y,N,N,0,
5764,D,Dc,,,Coppola D.,Verona,3,2,3,2,2,2,D,N,N,N,0,
5804,D,Ds,E,,Cacace,Empoli,3,3,3,3,5,5,D,Y,N,N,0,
5994,D,Ds,Dc,,Ebosse,Udinese,3,3,4,4,3,4,D,Y,N,N,45,
6039,D,Ds,Dc,,Cabal,Verona,3,3,4,4,4,5,D,Y,N,N,0,
487,D,Dd,E,,De Silvestri,Bologna,2,2,2,2,3,3,D,N,N,N,0,
4432,D,Dc,,,Okoli,Atalanta,2,2,2,2,4,4,D,N,N,N,0,
4952,D,Dc,,,Monterisi,Frosinone,2,1,2,1,2,2,D,Y,N,N,0,
5017,D,Ds,E,,Ballo-Toure',Milan,2,2,2,2,2,2,D,N,N,N,0,
5686,D,E,,,Soppy,Atalanta,2,2,2,2,3,3,D,N,N,N,0,
6028,D,Dd,Dc,,Bronn,Salernitana,2,2,2,2,3,3,D,N,N,N,0,
6043,D,Dc,,,Sosa,Bologna,2,2,2,2,2,2,D,N,N,N,0,
6189,D,Dd,E,,Missori,Sassuolo,2,1,2,1,1,1,D,N,N,N,0,
6235,D,Dd,Ds,E,Kayode,Fiorentina,2,1,3,2,8,8,D,N,N,N,0,
6256,D,Dd,E,,Ferreira J.,Udinese,2,1,2,1,1,1,D,N,N,N,0,
6257,D,Ds,E,,Dorgu,Lecce,2,1,2,1,8,8,D,N,N,N,0,
139,D,Dc,,,Dermaku,Lecce,1,1,1,1,1,1,D,N,N,N,0,
144,D,Dc,,,Tonelli,Empoli,1,1,1,1,2,2,D,N,N,N,0,
454,D,Dc,,,Capradossi,Cagliari,1,1,1,1,1,1,D,N,N,N,0,
1876,D,Ds,E,,Pajac,Genoa,1,1,1,1,2,2,D,N,N,N,25,
5399,D,Dc,,,Antov,Monza,1,1,1,1,1,1,D,N,N,N,0,
5424,D,Dd,Dc,,Amey,Bologna,1,1,1,1,1,2,D,N,N,N,0,
5833,D,Dc,,,Gila,Lazio,1,1,1,1,2,2,D,N,N,N,0,
6021,D,Dd,Dc,,Abankwah,Udinese,1,1,1,1,1,1,D,N,N,N,0,
6023,D,Dc,,,Guessand A.,Udinese,1,1,1,1,1,1,D,N,N,N,0,
6056,D,Dc,,,Guarino,Empoli,1,1,1,1,2,2,D,N,N,N,0,
6149,D,Ds,E,,Carboni F.,Monza,1,1,1,1,1,1,D,N,N,N,0,
6223,D,Dc,,,Smajlovic,Lecce,1,1,1,1,1,1,D,N,N,N,0,
6237,D,Dc,,,Szyminski,Frosinone,1,1,1,1,1,1,D,N,N,N,0,
6238,D,Dd,Ds,Dc,Oyono,Frosinone,1,1,1,1,8,14,C,Y,N,N,0,
6239,D,Ds,E,,Klitten,Frosinone,1,1,1,1,1,1,D,N,N,N,0,
6244,D,Dc,,,Matturro,Genoa,1,1,1,1,1,1,D,N,N,N,0,
6253,D,Dc,,,N'guessan,Torino,1,1,1,1,1,1,D,N,N,N,0,
6407,D,Dd,Ds,E,Corazza,Bologna,1,1,1,1,1,1,D,N,N,N,0,
6411,D,Dc,,,Mateus Lusuardi,Frosinone,1,1,1,1,1,1,D,N,N,N,0,
6430,D,Dc,,,Kalaj,Frosinone,1,1,1,1,1,1,D,N,N,N,0,
6432,D,Dd,Ds,E,Pierozzi,Fiorentina,1,1,2,2,2,3,D,N,N,N,0,
6433,D,Dc,,,Huijsen,Juventus,1,1,1,1,1,1,D,N,N,N,0,
6460,D,Dc,,,Pellegrino,Milan,1,1,1,1,1,1,D,N,N,N,0,
632,C,W,A,,Zaccagni,Lazio,28,28,28,28,183,185,A,Y,Y,Y,0,
5685,C,C,T,,Koopmeiners,Atalanta,24,24,24,24,114,114,A,Y,Y,Y,0,
2379,C,C,,,Rabiot,Juventus,23,22,23,22,107,107,A,Y,N,N,0,
335,C,W,A,,Felipe Anderson,Lazio,22,23,22,23,124,120,A-,Y,N,N,0,
2085,C,C,T,,Luis Alberto,Lazio,21,21,22,22,90,94,A,Y,Y,Y,0,
152,C,C,T,,Zielinski,Napoli,20,20,20,20,68,70,A-,Y,N,Y,0,
1870,C,C,,,Barella,Inter,20,20,20,20,86,86,A-,Y,N,N,0,
2167,C,W,,,Orsolini,Bologna,20,21,20,20,94,94,A-,Y,Y,Y,0,
2423,C,T,A,,Pulisic,Milan,19,18,18,17,106,106,A,Y,Y,Y,0,
4856,C,W,A,,Chukwueze,Milan,19,19,18,18,84,84,C,Y,N,N,0,
4486,C,W,,,Strefezza,Lecce,18,18,17,17,76,76,A-,Y,Y,Y,0,
5687,C,W,T,,Vlasic,Torino,18,18,19,19,70,78,B,Y,Y,Y,0,
332,C,W,,,Candreva,Salernitana,17,15,16,14,75,72,A-,Y,Y,Y,0,
2848,C,C,,,Frattesi,Inter,17,17,17,17,79,79,A-,Y,N,N,0,
4427,C,T,,,Malinovskyi,Genoa,17,17,16,16,65,59,B,Y,Y,Y,0,
5858,C,C,T,,Ferguson,Bologna,17,17,18,18,60,63,B,Y,N,N,0,
530,C,C,T,,Pellegrini Lo.,Roma,16,16,16,16,62,66,A-,Y,Y,Y,0,
795,C,W,A,,El Shaarawy,Roma,16,16,15,15,35,31,B,Y,N,N,0,
2194,C,M,C,,Calhanoglu,Inter,16,16,18,18,51,72,A,Y,Y,Y,0,
5119,C,C,T,,Samardzic,Udinese,16,16,16,16,50,50,A-,Y,N,N,0,
236,C,E,W,,Lazovic,Verona,15,15,15,15,46,50,B,Y,N,Y,10,
367,C,C,T,,Bonaventura,Fiorentina,15,14,15,14,38,38,A-,Y,N,Y,0,
536,C,W,,,Politano,Napoli,15,14,14,13,63,60,B,Y,Y,N,0,
4142,C,C,T,,Aouar,Roma,15,15,15,15,47,47,B,Y,N,Y,0,
4479,C,C,W,T,Elmas,Napoli,15,15,17,17,55,65,A-,Y,N,N,0,
4711,C,E,W,,Kostic,Juventus,15,15,15,15,38,35,A-,Y,N,Y,0,
5823,C,T,A,,Baldanzi,Empoli,15,15,14,14,44,40,B,Y,Y,Y,0,
5850,C,C,T,,Lovric,Udinese,15,15,15,15,53,53,B,Y,N,Y,0,
5948,C,C,T,,Kamada,Lazio,15,15,15,15,52,52,A-,Y,N,N,0,
2077,C,T,,,Pasalic,Atalanta,14,14,13,13,43,40,B,Y,N,N,0,
2741,C,C,T,,Pessina,Monza,14,14,14,14,46,46,A-,Y,Y,Y,0,
4220,C,M,C,,Zambo Anguissa,Napoli,14,14,15,15,34,40,A-,Y,N,N,0,
5800,C,T,A,,Gudmundsson A.,Genoa,14,14,13,13,57,52,B,Y,Y,Y,0,
5880,C,E,W,,Ciurria,Monza,14,14,15,15,42,46,B,Y,N,Y,0,
2529,C,C,T,,Mkhitaryan,Inter,13,13,13,13,42,42,C,Y,N,Y,0,
2543,C,C,,,Renato Sanches,Roma,13,13,13,13,32,30,C,Y,N,N,0,
4199,C,C,,,Loftus-Cheek,Milan,13,13,13,13,29,29,C,Y,N,N,0,
4287,C,M,C,,Lobotka,Napoli,13,13,14,14,27,36,A-,Y,N,N,0,
4465,C,C,T,,Fagioli,Juventus,13,13,13,13,30,30,C,Y,N,N,0,
4658,C,W,,,Ikone',Fiorentina,13,13,12,12,28,28,C,Y,N,N,0,
5451,C,T,,,Bajrami,Sassuolo,13,13,12,12,36,30,C,Y,N,Y,0,
5453,C,M,C,,Ricci S.,Torino,13,13,14,14,25,30,C,Y,N,N,0,
303,C,C,T,,Pogba,Juventus,12,12,12,12,32,32,B,Y,Y,N,0,
827,C,M,C,,Locatelli,Juventus,12,12,13,13,29,32,B,Y,N,N,0,
2172,C,T,,,Barak,Fiorentina,12,12,11,11,24,17,C,Y,N,N,0,
4869,C,M,C,,Dominguez,Bologna,12,12,14,14,28,34,B,Y,N,Y,0,
5007,C,C,,,Ilic,Torino,12,12,12,12,28,28,C,Y,N,Y,0,
5564,C,W,A,,Ndoye,Bologna,12,12,11,11,24,22,B,Y,N,N,0,
6224,C,M,C,,Reijnders,Milan,12,12,14,13,43,50,A-,Y,N,Y,0,
22,C,M,C,,De Roon,Atalanta,11,11,12,12,18,24,B,Y,N,N,0,
150,C,W,T,,Saponara,Verona,11,11,11,11,35,38,C,Y,N,Y,0,
5063,C,W,,,Radonjic,Torino,11,11,10,10,30,30,C,Y,N,Y,0,
1933,C,M,C,,Mandragora,Fiorentina,10,9,11,10,13,16,C,Y,N,Y,0,
2818,C,M,C,,Bennacer,Milan,10,10,11,11,9,10,D,N,N,N,90,
4377,C,C,T,,Castrovilli,Fiorentina,10,10,9,9,11,11,D,N,N,N,90,
4662,C,E,W,,Weah,Juventus,10,10,10,10,32,38,B,Y,N,N,0,
5001,C,T,A,,Miranchuk,Atalanta,10,10,10,10,12,12,D,N,N,N,0,
5792,C,C,T,,Ederson D.s.,Atalanta,10,10,10,10,20,20,C,Y,N,N,0,
6216,C,W,,,Mboula,Verona,10,10,9,9,12,12,D,Y,N,N,0,
779,C,M,C,,Cristante,Roma,9,9,10,10,15,19,C,Y,N,N,0,
4404,C,M,C,,Thorsby,Genoa,9,9,10,11,18,21,C,Y,N,N,0,
4970,C,W,,,Messias,Genoa,9,9,8,8,32,30,B,Y,N,Y,40,
5295,C,C,,,Musah,Milan,9,9,9,9,18,18,C,N,N,N,0,
5511,C,C,,,Matheus Henrique,Sassuolo,9,9,8,8,9,8,D,N,N,N,0,
5788,C,T,A,,Sabiri,Fiorentina,9,9,9,9,10,7,C,Y,N,N,0,
5878,C,C,T,,Colpani,Monza,9,9,9,9,12,12,D,Y,N,N,0,
5995,C,T,,,De Ketelaere,Atalanta,9,7,9,7,41,37,A-,Y,N,Y,0,
376,C,W,T,,Verdi,Torino,8,8,8,8,8,8,D,N,Y,N,0,
468,C,M,C,,Paredes,Roma,8,7,9,8,13,14,C,Y,N,N,0,
2839,C,W,,,Sottil,Fiorentina,8,8,8,8,10,10,C,Y,N,N,0,
4285,C,M,C,,Arthur Melo,Fiorentina,8,7,9,8,10,13,D,Y,N,N,0,
4514,C,E,C,,Nandez,Cagliari,8,7,8,8,20,24,B,Y,N,Y,0,
4681,C,M,C,,Lopez M.,Sassuolo,8,8,9,9,15,18,D,N,N,Y,0,
4890,C,M,C,,Tameze,Torino,8,8,9,9,10,13,C,N,N,N,0,
4965,C,M,C,,Marin,Empoli,8,8,9,9,12,14,C,Y,N,Y,0,
4973,C,C,,,Mckennie,Juventus,8,8,7,7,11,11,D,N,N,N,0,
4992,C,W,A,,Gyasi,Empoli,8,8,8,8,16,13,C,Y,N,N,0,
5422,C,E,,,Zalewski,Roma,8,8,9,9,10,10,B,Y,N,N,0,
5504,C,M,C,,Coulibaly L.,Salernitana,8,8,9,9,10,13,C,Y,N,N,0,
65,C,T,,,Mancosu,Cagliari,7,7,6,6,10,6,D,N,Y,Y,20,
333,C,M,C,,Cataldi,Lazio,7,7,8,8,12,14,C,N,N,Y,0,
1978,C,C,T,,Sensi,Inter,7,7,7,7,10,10,B,N,N,N,0,
1987,C,E,C,,Jankto,Cagliari,7,7,8,8,14,18,C,Y,N,Y,0,
2117,C,C,T,,Kastanos,Salernitana,7,7,7,7,12,12,D,Y,N,Y,0,
2392,C,M,C,,Walace,Udinese,7,7,8,8,9,10,C,Y,N,N,0,
4342,C,C,T,,Duda,Verona,7,6,7,6,9,9,C,Y,Y,Y,0,
4522,C,M,C,,Amrabat,Fiorentina,7,7,8,8,19,23,B,Y,N,N,0,
5999,C,C,,,Gonzalez J.,Lecce,7,7,7,7,9,9,D,Y,N,N,0,
6394,C,M,C,,Ramadani,Lecce,7,6,8,7,10,12,C,Y,N,N,0,
6402,C,M,C,,"Cajuste ",Napoli,7,7,8,8,12,14,B,N,N,N,0,
148,C,M,C,,Krunic,Milan,6,6,7,7,10,12,B,Y,N,N,0,
181,C,M,C,,Vecino,Lazio,6,6,7,7,7,8,D,N,N,N,0,
470,C,M,C,,Strootman,Genoa,6,6,7,7,8,9,C,Y,N,N,0,
801,C,M,C,,Gagliardini,Monza,6,6,7,7,12,14,C,Y,N,N,0,
5688,C,M,C,,Harroui,Frosinone,6,4,7,5,11,13,D,Y,Y,Y,0,
5791,C,E,M,,Frendrup,Genoa,6,5,8,7,10,16,C,Y,N,N,0,
5844,C,C,T,,Thorstvedt,Sassuolo,6,6,6,6,7,7,C,Y,N,N,0,
5869,C,M,C,,Blin,Lecce,6,6,6,6,5,6,D,Y,N,Y,0,
6010,C,C,T,,Fazzini,Empoli,6,6,6,6,10,10,D,Y,N,N,5,
6054,C,M,C,,Moro N.,Bologna,6,6,6,6,9,10,D,N,N,N,0,
6219,C,M,C,,Boloca,Sassuolo,6,6,7,7,12,14,C,Y,N,N,0,
27,C,M,,,Grassi,Empoli,5,5,5,5,6,8,C,Y,N,Y,0,
170,C,M,C,,Badelj,Genoa,5,5,6,6,7,8,C,Y,N,N,0,
526,C,C,,,Duncan,Fiorentina,5,5,4,4,5,4,D,N,N,N,0,
666,C,C,,,Machin,Monza,5,5,4,4,6,5,D,N,N,N,0,
2008,C,M,C,,Linetty,Torino,5,5,6,6,6,7,D,N,N,N,0,
4459,C,M,C,,Rovella,Lazio,5,5,6,6,10,12,B,Y,N,N,0,
4892,C,W,,,Saelemaekers,Milan,5,5,5,5,7,7,C,N,N,N,0,
4896,C,T,A,,Maldini,Empoli,5,5,5,5,9,7,C,Y,N,N,15,
4947,C,M,C,,Brescianini,Frosinone,5,5,6,6,6,7,D,Y,N,N,0,
5298,C,C,,,Pobega,Milan,5,5,4,4,8,8,C,N,N,N,0,
5423,C,C,,,Bove,Roma,5,5,5,5,7,7,D,N,N,N,0,
5457,C,C,,,Maleh,Lecce,5,5,4,4,4,4,D,Y,N,N,0,
5784,C,C,W,T,Aebischer,Bologna,5,5,5,5,6,7,D,N,N,N,0,
5813,C,C,T,,Miretti,Juventus,5,5,5,5,11,11,D,N,N,N,0,
5834,C,M,C,,Marcos Antonio,Lazio,5,5,6,6,7,7,D,N,N,N,20,
5884,C,C,,,Ranocchia F.,Empoli,5,5,4,4,6,6,D,N,N,N,0,
6206,C,C,,,Fabbian,Bologna,5,5,5,5,14,14,C,Y,N,N,0,
6232,C,M,C,,Makoumbou,Cagliari,5,5,6,6,8,10,D,Y,N,N,0,
6393,C,W,T,,Infantino,Fiorentina,5,5,6,6,10,12,D,N,N,N,0,
6410,C,M,C,,Kaba,Lecce,5,5,6,6,7,8,D,Y,N,N,0,
6458,C,C,T,,Serdar,Verona,5,5,5,5,7,7,D,N,N,N,0,
694,C,W,,,Baez,Frosinone,4,3,4,3,6,6,D,Y,N,N,0,
1871,C,M,C,,Deiola,Cagliari,4,4,4,4,5,6,D,Y,N,N,0,
1976,C,M,C,,Mazzitelli,Frosinone,4,4,5,5,5,6,D,Y,Y,Y,0,
1980,C,W,T,,Aramu,Genoa,4,4,5,5,9,10,C,N,N,N,0,
2161,C,M,C,,Haas,Empoli,4,4,5,5,4,3,D,N,N,N,0,
4787,C,C,W,T,Quina,Udinese,4,4,5,5,4,6,D,N,N,N,0,
5267,C,M,C,,Racic,Sassuolo,4,4,5,5,8,10,D,Y,N,N,0,
5499,C,M,C,,Hongla,Verona,4,4,5,5,4,6,D,Y,N,N,0,
5510,C,W,,,Romero L.,Milan,4,4,4,4,8,8,D,N,N,N,0,
5674,C,C,,,Basic,Lazio,4,4,4,4,6,5,D,N,N,N,0,
5719,C,M,C,,Asllani,Inter,4,4,5,5,8,10,C,N,N,N,0,
5798,C,M,C,,Bohinen,Salernitana,4,4,4,4,6,7,C,Y,N,N,0,
6024,C,M,C,,Sulemana I.,Cagliari,4,3,3,2,4,5,D,N,N,N,0,
6112,C,W,,,Iling Junior,Juventus,4,4,4,3,12,12,D,N,N,N,0,
6218,C,W,T,A,Oristanio,Cagliari,4,4,7,7,10,13,D,N,N,N,0,
6222,C,C,T,,Rafia,Lecce,4,3,4,3,8,8,C,Y,Y,Y,0,
6448,C,T,,,Martegani,Salernitana,4,4,3,3,6,5,D,Y,N,N,0,
2183,C,W,T,,Garritano,Frosinone,3,3,3,3,4,4,D,N,N,N,0,
4364,C,C,T,,Gaetano,Napoli,3,3,3,3,4,4,D,N,N,N,0,
4384,C,C,,,Jagiello,Genoa,3,3,3,3,5,4,D,Y,N,N,0,
4498,C,C,T,,Henderson L.,Empoli,3,3,3,3,5,5,D,N,N,N,0,
4501,C,M,C,,Obiang,Sassuolo,3,3,3,3,3,3,D,N,N,N,0,
4870,C,M,C,,Adopo,Atalanta,3,2,3,2,4,5,D,N,N,N,0,
4988,C,C,,,Maggiore,Salernitana,3,3,3,3,4,3,C,Y,N,N,0,
5286,C,M,C,,Akpa Akpro,Lazio,3,3,3,3,3,3,D,N,N,N,0,
5735,C,T,,,Volpato,Sassuolo,3,3,3,3,4,4,D,N,N,N,0,
5782,C,C,,,Kourfalidis,Cagliari,3,3,2,2,4,3,D,N,N,N,0,
5947,C,C,,,Hrustic,Verona,3,3,3,3,4,3,D,N,N,N,0,
6212,C,C,,,Zarraga,Udinese,3,3,3,3,4,3,C,Y,N,N,0,
6221,C,M,C,,Camara E.,Udinese,3,3,4,4,4,5,D,N,N,N,0,
440,C,C,,,Viola,Cagliari,2,2,2,2,4,4,D,N,N,N,0,
500,C,C,,,Lulic K.,Frosinone,2,2,2,2,3,3,D,N,N,N,0,
2144,C,C,,,Coulibaly M.,Salernitana,2,2,2,2,3,3,D,N,N,N,0,
2154,C,W,T,,Vignato,Bologna,2,2,2,2,3,3,D,N,N,N,0,
4349,C,M,C,,Nicolussi Caviglia,Juventus,2,2,2,2,2,2,D,N,N,N,0,
6106,C,T,A,,Carboni V.,Monza,2,2,2,2,4,3,D,N,N,N,0,
6175,C,M,C,,Barrenechea,Frosinone,2,2,3,3,4,5,D,N,N,N,0,
6203,C,M,C,,Belardinelli,Empoli,2,2,2,2,3,3,D,N,N,N,0,
6225,C,M,C,,El Azzouzi,Bologna,2,1,2,1,2,2,D,N,N,N,0,
6252,C,C,T,,Folorunsho,Verona,2,2,2,2,8,10,D,N,N,N,0,
6424,C,M,C,,Prati,Cagliari,2,2,3,3,4,5,D,N,N,N,0,
557,C,C,,,Benassi,Fiorentina,1,1,1,1,1,1,D,N,N,N,0,
2076,C,M,C,,Rog,Cagliari,1,1,1,1,1,1,D,N,N,N,150,
2121,C,C,,,Melegoni,Genoa,1,1,1,1,1,1,D,N,N,N,20,
2286,C,C,T,,Crociata,Empoli,1,1,1,1,1,1,D,N,N,N,0,
4725,C,M,,,Demme,Napoli,1,1,1,1,1,1,D,N,N,N,0,
5425,C,C,T,,Urbanski,Bologna,1,1,1,1,2,2,D,N,N,N,0,
5824,C,T,A,,Pafundi,Udinese,1,1,1,1,1,1,D,N,N,N,0,
5872,C,C,T,,Helgason,Lecce,1,1,1,1,1,1,D,N,N,N,0,
5875,C,T,,,Adli,Milan,1,1,1,1,3,3,D,N,N,N,0,
5879,C,T,A,,Vignato S.,Monza,1,1,1,1,1,1,D,N,N,N,0,
5998,C,W,,,Zerbin,Napoli,1,1,1,1,1,1,D,N,N,N,0,
6005,C,C,T,,Ilkhan,Torino,1,1,1,1,1,1,D,N,N,N,0,
6168,C,M,C,,Faticanti,Roma,1,1,1,1,1,1,D,N,N,N,0,
6170,C,C,,,Gineitis,Torino,1,1,1,1,1,1,D,N,N,N,0,
6233,C,C,,,Lella,Cagliari,1,1,1,1,1,1,D,N,N,N,0,
6236,C,M,C,,Amatucci,Fiorentina,1,1,1,1,1,2,D,N,N,N,0,
6240,C,C,T,,Haoudi,Frosinone,1,1,1,1,1,1,D,N,N,N,0,
6241,C,C,W,T,Gelli,Frosinone,1,1,1,1,1,1,D,N,N,N,0,
6246,C,M,C,,Lipani,Sassuolo,1,1,1,1,1,1,D,N,N,N,0,
6251,C,M,C,,Saco,Napoli,1,1,1,1,1,1,D,N,N,N,0,
6254,C,M,C,,Joselito,Verona,1,1,1,1,1,1,D,N,N,N,0,
6420,C,C,T,,Pagano,Roma,1,1,1,1,1,1,D,N,N,N,0,
6423,C,M,C,,Legowski,Salernitana,1,1,1,1,1,1,D,N,N,N,0,
4661,A,Pc,,,Osimhen,Napoli,44,43,44,43,440,435,A,Y,Y,N,0,
2764,A,Pc,,,Martinez L.,Inter,38,37,38,37,405,400,A-,Y,Y,N,0,
785,A,Pc,,,Immobile,Lazio,33,32,33,32,337,330,B,Y,Y,N,0,
4510,A,A,,,Rafael Leao,Milan,31,31,31,31,255,265,A,Y,N,N,0,
5839,A,A,,,Kvaratskhelia,Napoli,30,31,30,31,253,260,A,Y,Y,Y,0,
309,A,A,,,Dybala,Roma,29,30,29,30,286,292,A-,Y,Y,Y,0,
531,A,A,,,Berardi,Sassuolo,29,30,29,30,272,277,A,Y,Y,Y,0,
2841,A,Pc,,,Vlahovic,Juventus,29,28,29,28,327,320,A-,Y,Y,Y,0,
4730,A,A,,,Lookman,Atalanta,26,26,26,26,185,187,A,Y,Y,N,0,
5672,A,Pc,,,Dia,Salernitana,26,26,26,26,197,190,B,Y,Y,N,0,
2137,A,Pc,,,Scamacca,Atalanta,25,25,25,25,155,145,B,Y,Y,N,0,
4200,A,Pc,,,Giroud,Milan,25,24,25,24,189,179,B,Y,Y,N,0,
479,A,Pc,,,Sanabria,Torino,24,24,24,24,147,137,C,Y,Y,N,0,
4268,A,Pc,,,Arnautovic,Inter,23,23,23,23,165,152,B,Y,Y,N,0,
4871,A,Pc,,,Thuram,Inter,23,23,23,23,140,125,B,Y,N,N,0,
5336,A,Pc,,,Nzola,Fiorentina,23,23,23,23,115,105,B,Y,Y,N,0,
6228,A,Pc,,,Retegui,Genoa,22,23,22,23,158,148,B,Y,Y,N,0,
6060,A,A,,,Lauriente',Sassuolo,21,21,21,21,138,147,B,Y,Y,N,0,
5694,A,Pc,,,Beto,Udinese,20,21,20,21,138,128,C,Y,Y,N,0,
608,A,Pc,,,Zapata D.,Atalanta,19,19,19,19,92,85,C,N,N,N,0,
2002,A,A,,,Chiesa,Juventus,18,17,18,17,125,130,A-,Y,N,Y,0,
2012,A,Pc,,,Milik,Juventus,18,18,17,17,95,82,B,Y,Y,N,0,
4179,A,A,,,Gonzalez N.,Fiorentina,16,15,16,15,93,97,A-,Y,Y,N,0,
6227,A,Pc,,,Okafor,Milan,16,16,15,15,71,64,C,N,N,N,0,
6229,A,Pc,,,Toure' E.,Atalanta,16,16,15,15,50,45,B,N,N,N,90,
6409,A,Pc,,,Beltran L.,Fiorentina,16,16,16,16,82,78,C,N,N,N,0,
1939,A,Pc,,,Lapadula,Cagliari,15,15,15,15,41,35,C,Y,Y,N,40,
2544,A,Pc,,,Abraham,Roma,15,15,15,15,58,50,D,N,N,N,140,
2819,A,Pc,,,Caputo,Empoli,15,15,15,15,73,60,C,Y,Y,N,0,
507,A,Pc,,,Muriel,Atalanta,14,14,13,13,30,25,D,N,N,Y,0,
1958,A,A,,,Caprari,Monza,14,14,14,14,54,60,B,Y,Y,Y,0,
2119,A,A,,,Deulofeu,Udinese,14,14,14,14,20,24,A,Y,Y,Y,60,
2438,A,Pc,,,Jovic,Fiorentina,14,14,13,13,15,12,F,N,Y,N,0,
2719,A,A,,,Barrow,Bologna,14,14,14,14,21,21,D,Y,Y,N,10,
383,A,Pc,,,Petagna,Monza,13,13,13,13,26,22,C,Y,Y,N,0,
2038,A,Pc,,,Pinamonti,Sassuolo,13,13,12,12,48,40,C,Y,Y,N,0,
2061,A,Pc,,,Simeone,Napoli,13,13,12,12,30,23,B,Y,N,N,0,
5311,A,Pc,,,Shomurodov,Cagliari,13,13,13,13,40,34,D,Y,N,N,0,
6226,A,Pc,,,Castellanos,Lazio,13,13,12,12,28,22,C,N,N,N,0,
2489,A,A,,,Pedro,Lazio,12,12,12,12,18,18,C,N,N,N,0,
4184,A,W,A,,Brekalo,Fiorentina,12,11,13,13,15,17,C,Y,N,N,0,
4436,A,A,,,Cambiaghi,Atalanta,12,12,12,12,18,22,C,N,N,N,0,
4517,A,A,,,Lozano,Napoli,12,12,12,12,25,29,C,Y,N,N,0,
5529,A,Pc,,,Henry,Verona,12,12,11,11,6,6,D,N,N,N,45,
6145,A,A,,,Ngonge,Verona,12,12,12,12,47,52,C,Y,N,N,0,
441,A,Pc,,,Belotti,Roma,11,9,10,8,82,70,B,Y,Y,N,0,
495,A,A,,,Correa,Inter,11,11,11,11,25,27,D,N,N,N,0,
2097,A,Pc,,,Kean,Juventus,11,11,10,10,20,17,C,Y,N,N,0,
2369,A,A,,,Thauvin,Udinese,11,11,11,11,16,18,B,Y,Y,Y,0,
5086,A,Pc,,,Zirkzee,Bologna,11,11,10,10,10,8,B,Y,Y,N,0,
5882,A,A,,,Mota,Monza,11,11,11,11,16,18,C,Y,N,N,0,
6205,A,Pc,,,Mulattieri,Sassuolo,11,11,10,10,24,20,C,Y,N,N,0,
6207,A,A,,,Almqvist,Lecce,11,10,11,10,32,35,D,N,N,N,0,
6213,A,Pc,,,Brenner,Udinese,11,11,10,10,12,10,B,Y,N,N,10,
6398,A,A,,,Isaksen,Lazio,11,12,11,12,21,21,C,N,N,N,0,
6435,A,Pc,,,Krstovic,Lecce,11,11,11,11,24,22,C,Y,N,N,0,
6439,A,Pc,,,Cheddira,Frosinone,11,11,11,11,22,20,C,Y,Y,N,0,
2325,A,A,,,Karamoh,Torino,10,10,10,10,6,6,D,N,N,N,0,
4371,A,A,,,Raspadori,Napoli,10,10,10,10,35,37,B,Y,N,N,0,
4923,A,Pc,,,Colombo,Milan,10,10,9,9,6,5,D,N,N,N,0,
505,A,A,,,Bonazzoli,Verona,9,7,9,7,8,8,C,Y,Y,N,0,
643,A,A,,,Defrel,Sassuolo,9,9,9,9,12,13,D,N,N,N,0,
1857,A,A,,,Di Francesco F.,Lecce,9,8,9,8,8,8,D,N,N,N,0,
2762,A,A,,,Kouame',Fiorentina,9,9,9,9,8,9,D,N,N,N,0,
5471,A,Pc,,,Djuric,Verona,9,9,8,8,10,8,C,Y,Y,N,0,
2103,A,Pc,,,Pellegri,Torino,8,8,7,7,10,7,D,N,N,N,0,
5297,A,A,,,Luvumbo,Cagliari,8,8,8,8,9,9,D,Y,N,N,0,
5842,A,Pc,,,Botheim,Salernitana,8,8,7,7,10,8,D,N,Y,N,0,
6001,A,A,,,Banda,Lecce,8,8,8,8,10,12,D,Y,Y,N,0,
6119,A,A,,,Solbakken,Roma,8,8,8,8,6,6,D,N,N,N,0,
4359,A,Pc,,,Piccoli,Empoli,7,7,6,6,9,7,D,Y,Y,N,0,
5364,A,A,,,Caso,Frosinone,7,6,7,6,16,16,D,Y,N,Y,0,
5676,A,A,,,Success,Udinese,7,7,7,7,9,9,C,Y,N,N,0,
6215,A,Pc,,,Lucca,Udinese,6,6,5,5,7,6,D,Y,N,N,0,
2190,A,Pc,,,Coda M.,Genoa,5,5,4,4,5,5,D,N,N,N,0,
5500,A,A,,,Cancellieri,Empoli,5,5,5,5,10,12,D,N,N,N,0,
5845,A,Pc,,,Alvarez A.,Sassuolo,5,5,4,4,5,4,D,N,N,N,90,
247,A,Pc,,,Pavoletti,Cagliari,4,4,3,3,6,4,D,Y,Y,N,0,
5734,A,W,A,,Soule',Juventus,4,4,5,5,5,6,D,N,N,N,0,
6214,A,Pc,,,Cuni,Frosinone,4,4,4,3,8,5,D,N,N,N,0,
2466,A,Pc,,,Origi,Milan,3,3,3,3,1,1,D,N,N,N,0,
5446,A,Pc,,,Van Hooijdonk,Bologna,3,3,3,3,5,5,D,N,N,N,0,
5806,A,A,,,Seck,Torino,3,3,3,3,3,3,D,N,N,N,15,
6204,A,A,,,Kvernadze,Frosinone,3,3,3,3,6,6,D,Y,N,N,0,
281,A,Pc,,,Puscas,Genoa,2,2,1,1,2,1,D,N,N,N,0,
5439,A,A,,,Kallon,Verona,2,2,2,2,2,2,D,N,N,N,0,
5506,A,A,,,Ekuban,Genoa,2,1,2,1,2,2,D,N,N,N,0,
6243,A,Pc,,,Borrelli,Frosinone,2,1,2,1,1,1,D,N,N,N,0,
6250,A,Pc,,,Maric,Monza,2,1,2,1,1,1,D,N,N,N,0,
6395,A,Pc,,,Shpendi S.,Empoli,2,1,2,1,1,1,D,N,N,N,0,
6418,A,Pc,,,Burnete,Lecce,2,1,2,1,1,1,D,N,N,N,0,
5060,A,A,,,Ake' M.,Udinese,1,1,1,1,2,2,D,N,N,N,0,
5391,A,Pc,,,Kokorin,Fiorentina,1,1,1,1,1,1,D,N,N,N,0,
5395,A,A,,,Braaf,Verona,1,1,1,1,1,1,D,N,N,N,10,
5505,A,Pc,,,Kaio Jorge,Juventus,1,1,1,1,2,2,D,N,N,N,0,
5776,A,A,,,Ceide,Sassuolo,1,1,1,1,1,1,D,N,N,N,0,
5837,A,Pc,,,Voelkerling Persson,Lecce,1,1,1,1,1,1,D,N,N,N,0,
5843,A,A,,,Valencia D.,Salernitana,1,1,1,1,1,1,D,N,N,N,0,
6011,A,A,,,Ekong,Empoli,1,1,1,1,1,1,D,N,N,N,0,
6160,A,Pc,,,Vivaldo,Udinese,1,1,1,1,1,1,D,N,N,N,0,
6242,A,A,,,Bidaoui,Frosinone,1,1,1,1,1,1,D,N,N,N,0,
6247,A,Pc,,,Yalcin,Genoa,1,1,1,1,1,1,D,N,N,N,0,
6419,A,A,,,Corfitzen,Lecce,1,1,1,1,1,1,D,N,N,N,0,
6425,A,Pc,,,Ikwuemesi,Salernitana,1,1,1,1,2,2,D,N,N,N,0,
6427,A,Pc,,,Stewart,Salernitana,1,1,1,1,1,1,D,N,N,N,0,
6434,A,A,,,Yildiz,Juventus,1,1,1,1,1,1,D,N,N,N,0,
